-- MySQL Script generated by MySQL Workbench
-- Mon May 29 19:48:17 2023
-- Model: New Model    Version: 1.0
-- MySQL Workbench Forward Engineering

SET @OLD_UNIQUE_CHECKS=@@UNIQUE_CHECKS, UNIQUE_CHECKS=0;
SET @OLD_FOREIGN_KEY_CHECKS=@@FOREIGN_KEY_CHECKS, FOREIGN_KEY_CHECKS=0;
SET @OLD_SQL_MODE=@@SQL_MODE, SQL_MODE='ONLY_FULL_GROUP_BY,STRICT_TRANS_TABLES,NO_ZERO_IN_DATE,NO_ZERO_DATE,ERROR_FOR_DIVISION_BY_ZERO,NO_ENGINE_SUBSTITUTION';

-- -----------------------------------------------------
-- Schema solicitudes_consejo
-- -----------------------------------------------------
DROP SCHEMA IF EXISTS `solicitudes_consejo` ;

-- -----------------------------------------------------
-- Schema solicitudes_consejo
-- -----------------------------------------------------
CREATE SCHEMA IF NOT EXISTS `solicitudes_consejo` DEFAULT CHARACTER SET utf8 ;
-- -----------------------------------------------------
-- Schema solicitudes_consejo
-- -----------------------------------------------------
USE `solicitudes_consejo` ;

-- -----------------------------------------------------
-- Table `solicitudes_consejo`.`carrera`
-- -----------------------------------------------------
DROP TABLE IF EXISTS `solicitudes_consejo`.`carrera` ;

CREATE TABLE IF NOT EXISTS `solicitudes_consejo`.`carrera` (
  `carSNIES` INT NOT NULL COMMENT 'SNIES es el identificador que tienen una carrera en la UN',
  `carNombre` VARCHAR(100) NOT NULL,
  `carNumCreditos` INT NOT NULL,
  `carMetodologia` VARCHAR(45) NOT NULL COMMENT 'Presencial o virtual',
  `carNumSemestres` TINYINT NOT NULL,
  `carTituloOtorga` VARCHAR(100) NOT NULL,
  `facultad_facId` INT NOT NULL,
  PRIMARY KEY (`carSNIES`, `facultad_facId`),
  INDEX `fk_carrera_facultad1_idx` (`facultad_facId` ASC) VISIBLE,
  CONSTRAINT `fk_carrera_facultad1`
    FOREIGN KEY (`facultad_facId`)
    REFERENCES `solicitudes_consejo`.`facultad` (`facId`)
    ON DELETE NO ACTION
    ON UPDATE NO ACTION)
ENGINE = InnoDB;


-- -----------------------------------------------------
-- Table `solicitudes_consejo`.`carreraCon`
-- -----------------------------------------------------
DROP TABLE IF EXISTS `solicitudes_consejo`.`carreraCon` ;

CREATE TABLE IF NOT EXISTS `solicitudes_consejo`.`carreraCon` (
  `conId` INT NOT NULL,
  `carSNIES` INT NOT NULL,
  `facId` INT NOT NULL,
  `comitId` TINYINT NOT NULL,
  PRIMARY KEY (`conId`, `carSNIES`, `facId`),
  INDEX `fk_carreraCon_carrera1_idx` (`carSNIES` ASC, `facId` ASC) VISIBLE,
  INDEX `fk_carreraCon_comite1_idx` (`comitId` ASC) VISIBLE,
  CONSTRAINT `fk_carreraCon_consejo1`
    FOREIGN KEY (`conId`)
    REFERENCES `solicitudes_consejo`.`consejo` (`conId`)
    ON DELETE NO ACTION
    ON UPDATE NO ACTION,
  CONSTRAINT `fk_carreraCon_carrera1`
    FOREIGN KEY (`carSNIES` , `facId`)
    REFERENCES `solicitudes_consejo`.`carrera` (`carSNIES` , `facultad_facId`)
    ON DELETE NO ACTION
    ON UPDATE NO ACTION,
  CONSTRAINT `fk_carreraCon_comite1`
    FOREIGN KEY (`comitId`)
    REFERENCES `solicitudes_consejo`.`comite` (`comId`)
    ON DELETE NO ACTION
    ON UPDATE NO ACTION)
ENGINE = InnoDB;


-- -----------------------------------------------------
-- Table `solicitudes_consejo`.`carreraSolicitud`
-- -----------------------------------------------------
DROP TABLE IF EXISTS `solicitudes_consejo`.`carreraSolicitud` ;

CREATE TABLE IF NOT EXISTS `solicitudes_consejo`.`carreraSolicitud` (
  `solId` INT NOT NULL,
  `nomId` INT NOT NULL,
  `conIdCarrera` INT NOT NULL,
  `carSNIES` INT NOT NULL,
  `facId` INT NOT NULL,
  `carsolTipo` VARCHAR(45) NOT NULL,
  PRIMARY KEY (`solId`, `nomId`),
  INDEX `fk_carreraSolicitud_carreraCon1_idx` (`conIdCarrera` ASC, `carSNIES` ASC, `facId` ASC) VISIBLE,
  INDEX `fk_carreraSolicitud_solicitud1_idx` (`solId` ASC, `nomId` ASC) VISIBLE,
  CONSTRAINT `fk_carreraSolicitud_carreraCon1`
    FOREIGN KEY (`conIdCarrera` , `carSNIES` , `facId`)
    REFERENCES `solicitudes_consejo`.`carreraCon` (`conId` , `carSNIES` , `facId`)
    ON DELETE NO ACTION
    ON UPDATE NO ACTION,
  CONSTRAINT `fk_carreraSolicitud_solicitud1`
    FOREIGN KEY (`solId` , `nomId`)
    REFERENCES `solicitudes_consejo`.`solicitud` (`solId` , `nomId`)
    ON DELETE NO ACTION
    ON UPDATE NO ACTION)
ENGINE = InnoDB;


-- -----------------------------------------------------
-- Table `solicitudes_consejo`.`comite`
-- -----------------------------------------------------
DROP TABLE IF EXISTS `solicitudes_consejo`.`comite` ;

CREATE TABLE IF NOT EXISTS `solicitudes_consejo`.`comite` (
  `comId` TINYINT NOT NULL AUTO_INCREMENT,
  `comNombre` VARCHAR(100) NOT NULL,
  PRIMARY KEY (`comId`))
ENGINE = InnoDB;


-- -----------------------------------------------------
-- Table `solicitudes_consejo`.`consejo`
-- -----------------------------------------------------
DROP TABLE IF EXISTS `solicitudes_consejo`.`consejo` ;

CREATE TABLE IF NOT EXISTS `solicitudes_consejo`.`consejo` (
  `conId` INT NOT NULL,
  PRIMARY KEY (`conId`))
ENGINE = InnoDB;


-- -----------------------------------------------------
-- Table `solicitudes_consejo`.`correo_persona`
-- -----------------------------------------------------
DROP TABLE IF EXISTS `solicitudes_consejo`.`correo_persona` ;

CREATE TABLE IF NOT EXISTS `solicitudes_consejo`.`correo_persona` (
  `corId` INT NOT NULL AUTO_INCREMENT,
  `corCorreo` VARCHAR(45) NOT NULL,
  `perCedula` INT NOT NULL,
  `corTipo` VARCHAR(15) NOT NULL COMMENT 'Personal o trabajo\n',
  PRIMARY KEY (`corId`),
  INDEX `fk_correo_persona_persona1_idx` (`perCedula` ASC) VISIBLE,
  CONSTRAINT `fk_correo_persona_persona1`
    FOREIGN KEY (`perCedula`)
    REFERENCES `solicitudes_consejo`.`persona` (`perCedula`)
    ON DELETE NO ACTION
    ON UPDATE NO ACTION)
ENGINE = InnoDB;


-- -----------------------------------------------------
-- Table `solicitudes_consejo`.`csuCon`
-- -----------------------------------------------------
DROP TABLE IF EXISTS `solicitudes_consejo`.`csuCon` ;

CREATE TABLE IF NOT EXISTS `solicitudes_consejo`.`csuCon` (
  `consejo_conId` INT NOT NULL,
  `comite_comId` TINYINT NOT NULL,
  PRIMARY KEY (`consejo_conId`),
  INDEX `fk_csuCon_comite1_idx` (`comite_comId` ASC) VISIBLE,
  CONSTRAINT `fk_csuCon_consejo1`
    FOREIGN KEY (`consejo_conId`)
    REFERENCES `solicitudes_consejo`.`consejo` (`conId`)
    ON DELETE NO ACTION
    ON UPDATE NO ACTION,
  CONSTRAINT `fk_csuCon_comite1`
    FOREIGN KEY (`comite_comId`)
    REFERENCES `solicitudes_consejo`.`comite` (`comId`)
    ON DELETE NO ACTION
    ON UPDATE NO ACTION)
ENGINE = InnoDB;


-- -----------------------------------------------------
-- Table `solicitudes_consejo`.`csuSolicitud`
-- -----------------------------------------------------
DROP TABLE IF EXISTS `solicitudes_consejo`.`csuSolicitud` ;

CREATE TABLE IF NOT EXISTS `solicitudes_consejo`.`csuSolicitud` (
  `solId` INT NOT NULL,
  `nomId` INT NOT NULL,
  `conId` INT NOT NULL,
  INDEX `fk_csuSolicitud_csuCon1_idx` (`conId` ASC) VISIBLE,
  PRIMARY KEY (`solId`, `nomId`),
  CONSTRAINT `fk_csuSolicitud_sedeSolicitud1`
    FOREIGN KEY (`solId` , `nomId`)
    REFERENCES `solicitudes_consejo`.`sedeSolicitud` (`solId` , `nomId`)
    ON DELETE NO ACTION
    ON UPDATE NO ACTION,
  CONSTRAINT `fk_csuSolicitud_csuCon1`
    FOREIGN KEY (`conId`)
    REFERENCES `solicitudes_consejo`.`csuCon` (`consejo_conId`)
    ON DELETE NO ACTION
    ON UPDATE NO ACTION)
ENGINE = InnoDB;


-- -----------------------------------------------------
-- Table `solicitudes_consejo`.`decano`
-- -----------------------------------------------------
DROP TABLE IF EXISTS `solicitudes_consejo`.`decano` ;

CREATE TABLE IF NOT EXISTS `solicitudes_consejo`.`decano` (
  `perCedulaProfesor` INT NOT NULL,
  `decFechaInicio` DATE NOT NULL,
  `decFechaFin` DATE NULL,
  PRIMARY KEY (`perCedulaProfesor`),
  CONSTRAINT `fk_decano_profesor1`
    FOREIGN KEY (`perCedulaProfesor`)
    REFERENCES `solicitudes_consejo`.`profesor` (`perCedulaEgresado`)
    ON DELETE NO ACTION
    ON UPDATE NO ACTION)
ENGINE = InnoDB;


-- -----------------------------------------------------
-- Table `solicitudes_consejo`.`directorBienestar`
-- -----------------------------------------------------
DROP TABLE IF EXISTS `solicitudes_consejo`.`directorBienestar` ;

CREATE TABLE IF NOT EXISTS `solicitudes_consejo`.`directorBienestar` (
  `perCedulaProfesor` INT NOT NULL,
  `dirFechaInicio` DATE NOT NULL,
  `dirFechaFin` DATE NULL,
  PRIMARY KEY (`perCedulaProfesor`),
  CONSTRAINT `fk_directorBienestar_profesor1`
    FOREIGN KEY (`perCedulaProfesor`)
    REFERENCES `solicitudes_consejo`.`profesor` (`perCedulaEgresado`)
    ON DELETE NO ACTION
    ON UPDATE NO ACTION)
ENGINE = InnoDB;


-- -----------------------------------------------------
-- Table `solicitudes_consejo`.`directorProgramaCurricular`
-- -----------------------------------------------------
DROP TABLE IF EXISTS `solicitudes_consejo`.`directorProgramaCurricular` ;

CREATE TABLE IF NOT EXISTS `solicitudes_consejo`.`directorProgramaCurricular` (
  `perCedulaProfesor` INT NOT NULL,
  `dirFechaInicio` DATE NOT NULL COMMENT 'Fecha en que inició como director',
  `dirFechaFin` DATE NULL COMMENT 'Fecha en que terminó como director',
  PRIMARY KEY (`perCedulaProfesor`),
  CONSTRAINT `fk_directorProgramaCurricular_profesor1`
    FOREIGN KEY (`perCedulaProfesor`)
    REFERENCES `solicitudes_consejo`.`profesor` (`perCedulaEgresado`)
    ON DELETE NO ACTION
    ON UPDATE NO ACTION)
ENGINE = InnoDB;


-- -----------------------------------------------------
-- Table `solicitudes_consejo`.`egresado`
-- -----------------------------------------------------
DROP TABLE IF EXISTS `solicitudes_consejo`.`egresado` ;

CREATE TABLE IF NOT EXISTS `solicitudes_consejo`.`egresado` (
  `egrFechaEgreso` DATE NOT NULL COMMENT 'Fecha en que el egresado fue graduado de su carrera\n',
  `perCedulaEst` INT NOT NULL,
  PRIMARY KEY (`perCedulaEst`),
  INDEX `fk_egresado_estudiante1_idx` (`perCedulaEst` ASC) VISIBLE,
  CONSTRAINT `fk_egresado_estudiante1`
    FOREIGN KEY (`perCedulaEst`)
    REFERENCES `solicitudes_consejo`.`estudiante` (`perCedula`)
    ON DELETE NO ACTION
    ON UPDATE NO ACTION)
ENGINE = InnoDB;


-- -----------------------------------------------------
-- Table `solicitudes_consejo`.`estudiaPosgrado`
-- -----------------------------------------------------
DROP TABLE IF EXISTS `solicitudes_consejo`.`estudiaPosgrado` ;

CREATE TABLE IF NOT EXISTS `solicitudes_consejo`.`estudiaPosgrado` (
  `perCedulaEst` INT NOT NULL,
  `carSNIESPosgrado` INT NOT NULL,
  PRIMARY KEY (`perCedulaEst`, `carSNIESPosgrado`),
  INDEX `fk_posgradoEST_has_posgradoCar_posgradoCar1_idx` (`carSNIESPosgrado` ASC) VISIBLE,
  INDEX `fk_posgradoEST_has_posgradoCar_posgradoEST1_idx` (`perCedulaEst` ASC) VISIBLE,
  CONSTRAINT `fk_posgradoEST_has_posgradoCar_posgradoEST1`
    FOREIGN KEY (`perCedulaEst`)
    REFERENCES `solicitudes_consejo`.`posgradoEST` (`perCedulaEst`)
    ON DELETE NO ACTION
    ON UPDATE NO ACTION,
  CONSTRAINT `fk_posgradoEST_has_posgradoCar_posgradoCar1`
    FOREIGN KEY (`carSNIESPosgrado`)
    REFERENCES `solicitudes_consejo`.`posgradoCar` (`carSNIES`)
    ON DELETE NO ACTION
    ON UPDATE NO ACTION)
ENGINE = InnoDB;


-- -----------------------------------------------------
-- Table `solicitudes_consejo`.`estudiaPregrado`
-- -----------------------------------------------------
DROP TABLE IF EXISTS `solicitudes_consejo`.`estudiaPregrado` ;

CREATE TABLE IF NOT EXISTS `solicitudes_consejo`.`estudiaPregrado` (
  `perCedulaEst` INT NOT NULL,
  `carSNIESPregrado` INT NOT NULL,
  PRIMARY KEY (`perCedulaEst`, `carSNIESPregrado`),
  INDEX `fk_pregradoEST_has_carrera_pregradoEST1_idx` (`perCedulaEst` ASC) VISIBLE,
  INDEX `fk_estudia_pregradoCar1_idx` (`carSNIESPregrado` ASC) VISIBLE,
  CONSTRAINT `fk_pregradoEST_has_carrera_pregradoEST1`
    FOREIGN KEY (`perCedulaEst`)
    REFERENCES `solicitudes_consejo`.`pregradoEST` (`perCedulaEst`)
    ON DELETE NO ACTION
    ON UPDATE NO ACTION,
  CONSTRAINT `fk_estudia_pregradoCar1`
    FOREIGN KEY (`carSNIESPregrado`)
    REFERENCES `solicitudes_consejo`.`pregradoCar` (`carSNIES`)
    ON DELETE NO ACTION
    ON UPDATE NO ACTION)
ENGINE = InnoDB;


-- -----------------------------------------------------
-- Table `solicitudes_consejo`.`estudiante`
-- -----------------------------------------------------
DROP TABLE IF EXISTS `solicitudes_consejo`.`estudiante` ;

CREATE TABLE IF NOT EXISTS `solicitudes_consejo`.`estudiante` (
  `perCedula` INT NOT NULL,
  `estPAPA` DOUBLE NOT NULL,
  `estPAPPI` DOUBLE NOT NULL,
  `estPA` DOUBLE NOT NULL,
  INDEX `fk_estudiante_persona1_idx` (`perCedula` ASC) VISIBLE,
  PRIMARY KEY (`perCedula`),
  CONSTRAINT `fk_estudiante_persona1`
    FOREIGN KEY (`perCedula`)
    REFERENCES `solicitudes_consejo`.`persona` (`perCedula`)
    ON DELETE NO ACTION
    ON UPDATE NO ACTION)
ENGINE = InnoDB;


-- -----------------------------------------------------
-- Table `solicitudes_consejo`.`estudiante_has_solicitud`
-- -----------------------------------------------------
DROP TABLE IF EXISTS `solicitudes_consejo`.`estudiante_has_solicitud` ;

CREATE TABLE IF NOT EXISTS `solicitudes_consejo`.`estudiante_has_solicitud` (
  `perCedulaEstudiante` INT NOT NULL,
  `solId` INT NOT NULL,
  PRIMARY KEY (`perCedulaEstudiante`, `solId`),
  INDEX `fk_estudiante_has_solicitud_solicitud1_idx` (`solId` ASC) VISIBLE,
  INDEX `fk_estudiante_has_solicitud_estudiante1_idx` (`perCedulaEstudiante` ASC) VISIBLE,
  CONSTRAINT `fk_estudiante_has_solicitud_estudiante1`
    FOREIGN KEY (`perCedulaEstudiante`)
    REFERENCES `solicitudes_consejo`.`estudiante` (`perCedula`)
    ON DELETE NO ACTION
    ON UPDATE NO ACTION,
  CONSTRAINT `fk_estudiante_has_solicitud_solicitud1`
    FOREIGN KEY (`solId`)
    REFERENCES `solicitudes_consejo`.`solicitud` (`solId`)
    ON DELETE NO ACTION
    ON UPDATE NO ACTION)
ENGINE = InnoDB;


-- -----------------------------------------------------
-- Table `solicitudes_consejo`.`estudio`
-- -----------------------------------------------------
DROP TABLE IF EXISTS `solicitudes_consejo`.`estudio` ;

CREATE TABLE IF NOT EXISTS `solicitudes_consejo`.`estudio` (
  `carSNIES` INT NOT NULL,
  `perCedulaEst` INT NOT NULL,
  PRIMARY KEY (`carSNIES`, `perCedulaEst`),
  INDEX `fk_carrera_has_egresado_egresado1_idx` (`perCedulaEst` ASC) VISIBLE,
  INDEX `fk_carrera_has_egresado_carrera1_idx` (`carSNIES` ASC) VISIBLE,
  CONSTRAINT `fk_carrera_has_egresado_carrera1`
    FOREIGN KEY (`carSNIES`)
    REFERENCES `solicitudes_consejo`.`carrera` (`carSNIES`)
    ON DELETE NO ACTION
    ON UPDATE NO ACTION,
  CONSTRAINT `fk_carrera_has_egresado_egresado1`
    FOREIGN KEY (`perCedulaEst`)
    REFERENCES `solicitudes_consejo`.`egresado` (`perCedulaEst`)
    ON DELETE NO ACTION
    ON UPDATE NO ACTION)
ENGINE = InnoDB;


-- -----------------------------------------------------
-- Table `solicitudes_consejo`.`exrector`
-- -----------------------------------------------------
DROP TABLE IF EXISTS `solicitudes_consejo`.`exrector` ;

CREATE TABLE IF NOT EXISTS `solicitudes_consejo`.`exrector` (
  `exrFechaInicio` DATE NOT NULL COMMENT 'Fecha en que inició como exrector',
  `perCedulaRector` INT NOT NULL,
  `exrFechaFin` DATE NOT NULL COMMENT 'Fecha en que terminó como exrector\n',
  PRIMARY KEY (`perCedulaRector`),
  CONSTRAINT `fk_exrector_rector1`
    FOREIGN KEY (`perCedulaRector`)
    REFERENCES `solicitudes_consejo`.`rector` (`perCedulaEgresado`)
    ON DELETE NO ACTION
    ON UPDATE NO ACTION)
ENGINE = InnoDB;


-- -----------------------------------------------------
-- Table `solicitudes_consejo`.`facultad`
-- -----------------------------------------------------
DROP TABLE IF EXISTS `solicitudes_consejo`.`facultad` ;

CREATE TABLE IF NOT EXISTS `solicitudes_consejo`.`facultad` (
  `facId` INT NOT NULL AUTO_INCREMENT,
  `facNombre` VARCHAR(60) NOT NULL,
  PRIMARY KEY (`facId`))
ENGINE = InnoDB;


-- -----------------------------------------------------
-- Table `solicitudes_consejo`.`facultadCon`
-- -----------------------------------------------------
DROP TABLE IF EXISTS `solicitudes_consejo`.`facultadCon` ;

CREATE TABLE IF NOT EXISTS `solicitudes_consejo`.`facultadCon` (
  `conId` INT NOT NULL,
  `facId` INT NOT NULL,
  `comitId` TINYINT NOT NULL,
  PRIMARY KEY (`conId`, `facId`),
  INDEX `fk_facultad_comite1_idx` (`comitId` ASC) VISIBLE,
  INDEX `fk_facultad_facultad1_idx` (`facId` ASC) VISIBLE,
  CONSTRAINT `fk_facultad_consejo1`
    FOREIGN KEY (`conId`)
    REFERENCES `solicitudes_consejo`.`consejo` (`conId`)
    ON DELETE NO ACTION
    ON UPDATE NO ACTION,
  CONSTRAINT `fk_facultad_comite1`
    FOREIGN KEY (`comitId`)
    REFERENCES `solicitudes_consejo`.`comite` (`comId`)
    ON DELETE NO ACTION
    ON UPDATE NO ACTION,
  CONSTRAINT `fk_facultad_facultad1`
    FOREIGN KEY (`facId`)
    REFERENCES `solicitudes_consejo`.`facultad` (`facId`)
    ON DELETE NO ACTION
    ON UPDATE NO ACTION)
ENGINE = InnoDB;


-- -----------------------------------------------------
-- Table `solicitudes_consejo`.`facultadSolicitud`
-- -----------------------------------------------------
DROP TABLE IF EXISTS `solicitudes_consejo`.`facultadSolicitud` ;

CREATE TABLE IF NOT EXISTS `solicitudes_consejo`.`facultadSolicitud` (
  `solId` INT NOT NULL,
  `nomId` INT NOT NULL,
  `conId` INT NOT NULL,
  INDEX `fk_facultadSolicitud_facultad1_idx` (`conId` ASC) VISIBLE,
  INDEX `fk_facultadSolicitud_carreraSolicitud1_idx` (`solId` ASC, `nomId` ASC) VISIBLE,
  PRIMARY KEY (`solId`, `nomId`),
  CONSTRAINT `fk_facultadSolicitud_facultad1`
    FOREIGN KEY (`conId`)
    REFERENCES `solicitudes_consejo`.`facultadCon` (`conId`)
    ON DELETE NO ACTION
    ON UPDATE NO ACTION,
  CONSTRAINT `fk_facultadSolicitud_carreraSolicitud1`
    FOREIGN KEY (`solId` , `nomId`)
    REFERENCES `solicitudes_consejo`.`carreraSolicitud` (`solId` , `nomId`)
    ON DELETE NO ACTION
    ON UPDATE NO ACTION)
ENGINE = InnoDB;


-- -----------------------------------------------------
-- Table `solicitudes_consejo`.`miembro_comite`
-- -----------------------------------------------------
DROP TABLE IF EXISTS `solicitudes_consejo`.`miembro_comite` ;

CREATE TABLE IF NOT EXISTS `solicitudes_consejo`.`miembro_comite` (
  `mieComId` INT NOT NULL AUTO_INCREMENT,
  `perCedula` INT NOT NULL,
  `miemRol` VARCHAR(60) NOT NULL,
  `comId` TINYINT NOT NULL,
  `comMiemFechaInicio` DATE NOT NULL,
  `comMiemFechaFin` DATE NULL,
  INDEX `fk_persona_has_comite_comite1_idx` (`comId` ASC) VISIBLE,
  INDEX `fk_persona_has_comite_persona1_idx` (`perCedula` ASC) VISIBLE,
  PRIMARY KEY (`mieComId`),
  CONSTRAINT `fk_persona_has_comite_persona1`
    FOREIGN KEY (`perCedula`)
    REFERENCES `solicitudes_consejo`.`persona` (`perCedula`)
    ON DELETE NO ACTION
    ON UPDATE NO ACTION,
  CONSTRAINT `fk_persona_has_comite_comite1`
    FOREIGN KEY (`comId`)
    REFERENCES `solicitudes_consejo`.`comite` (`comId`)
    ON DELETE NO ACTION
    ON UPDATE NO ACTION)
ENGINE = InnoDB;


-- -----------------------------------------------------
-- Table `solicitudes_consejo`.`ministro`
-- -----------------------------------------------------
DROP TABLE IF EXISTS `solicitudes_consejo`.`ministro` ;

CREATE TABLE IF NOT EXISTS `solicitudes_consejo`.`ministro` (
  `minFechaInicio` DATE NOT NULL COMMENT 'Fecha de inicio en que el ministro de educación se vincula al ministerio',
  `perCedula` INT NOT NULL,
  `minFechaFin` DATE NULL COMMENT 'Fecha en que termina mandato',
  INDEX `fk_ministro_persona1_idx` (`perCedula` ASC) VISIBLE,
  PRIMARY KEY (`perCedula`),
  CONSTRAINT `fk_ministro_persona1`
    FOREIGN KEY (`perCedula`)
    REFERENCES `solicitudes_consejo`.`persona` (`perCedula`)
    ON DELETE NO ACTION
    ON UPDATE NO ACTION)
ENGINE = InnoDB;


-- -----------------------------------------------------
-- Table `solicitudes_consejo`.`nombresSolicitudes`
-- -----------------------------------------------------
DROP TABLE IF EXISTS `solicitudes_consejo`.`nombresSolicitudes` ;

CREATE TABLE IF NOT EXISTS `solicitudes_consejo`.`nombresSolicitudes` (
  `nomId` INT NOT NULL,
  `nomSolicitud` VARCHAR(45) NOT NULL,
  PRIMARY KEY (`nomId`))
ENGINE = InnoDB;


-- -----------------------------------------------------
-- Table `solicitudes_consejo`.`persona`
-- -----------------------------------------------------
DROP TABLE IF EXISTS `solicitudes_consejo`.`persona` ;

CREATE TABLE IF NOT EXISTS `solicitudes_consejo`.`persona` (
  `perCedula` INT NOT NULL,
  `perNombres` VARCHAR(45) NOT NULL,
  `perApellidos` VARCHAR(45) NOT NULL,
  `perFechaNacimiento` DATE NOT NULL,
  `perSexo` VARCHAR(45) NOT NULL,
  `perDirCiudad` VARCHAR(45) NOT NULL,
  `perDirBarrio` VARCHAR(45) NOT NULL,
  `perDirección` VARCHAR(45) NOT NULL COMMENT 'Hace referencia a la descripción de residencia calle-carrera',
  PRIMARY KEY (`perCedula`))
ENGINE = InnoDB;


-- -----------------------------------------------------
-- Table `solicitudes_consejo`.`posgradoCar`
-- -----------------------------------------------------
DROP TABLE IF EXISTS `solicitudes_consejo`.`posgradoCar` ;

CREATE TABLE IF NOT EXISTS `solicitudes_consejo`.`posgradoCar` (
  `posTipoPlanEstudios` VARCHAR(45) NOT NULL,
  `carSNIES` INT NOT NULL,
  `posTipo` VARCHAR(45) NOT NULL COMMENT 'Maestría, especialización o doctorado\n',
  INDEX `fk_posgradoCar_carrera1_idx` (`carSNIES` ASC) VISIBLE,
  PRIMARY KEY (`carSNIES`),
  CONSTRAINT `fk_posgradoCar_carrera1`
    FOREIGN KEY (`carSNIES`)
    REFERENCES `solicitudes_consejo`.`carrera` (`carSNIES`)
    ON DELETE NO ACTION
    ON UPDATE NO ACTION)
ENGINE = InnoDB;


-- -----------------------------------------------------
-- Table `solicitudes_consejo`.`posgradoEST`
-- -----------------------------------------------------
DROP TABLE IF EXISTS `solicitudes_consejo`.`posgradoEST` ;

CREATE TABLE IF NOT EXISTS `solicitudes_consejo`.`posgradoEST` (
  `perCedulaEst` INT NOT NULL,
  INDEX `fk_posgradoEST_estudiante1_idx` (`perCedulaEst` ASC) VISIBLE,
  PRIMARY KEY (`perCedulaEst`),
  CONSTRAINT `fk_posgradoEST_estudiante1`
    FOREIGN KEY (`perCedulaEst`)
    REFERENCES `solicitudes_consejo`.`estudiante` (`perCedula`)
    ON DELETE NO ACTION
    ON UPDATE NO ACTION)
ENGINE = InnoDB;


-- -----------------------------------------------------
-- Table `solicitudes_consejo`.`pregradoCar`
-- -----------------------------------------------------
DROP TABLE IF EXISTS `solicitudes_consejo`.`pregradoCar` ;

CREATE TABLE IF NOT EXISTS `solicitudes_consejo`.`pregradoCar` (
  `preAreaCurricular` VARCHAR(45) NOT NULL,
  `carSNIES` INT NOT NULL,
  PRIMARY KEY (`carSNIES`),
  CONSTRAINT `fk_pregradoCar_carrera1`
    FOREIGN KEY (`carSNIES`)
    REFERENCES `solicitudes_consejo`.`carrera` (`carSNIES`)
    ON DELETE NO ACTION
    ON UPDATE NO ACTION)
ENGINE = InnoDB;


-- -----------------------------------------------------
-- Table `solicitudes_consejo`.`pregradoEST`
-- -----------------------------------------------------
DROP TABLE IF EXISTS `solicitudes_consejo`.`pregradoEST` ;

CREATE TABLE IF NOT EXISTS `solicitudes_consejo`.`pregradoEST` (
  `perCedulaEst` INT NOT NULL,
  INDEX `fk_pregradoEST_estudiante1_idx` (`perCedulaEst` ASC) VISIBLE,
  PRIMARY KEY (`perCedulaEst`),
  CONSTRAINT `fk_pregradoEST_estudiante1`
    FOREIGN KEY (`perCedulaEst`)
    REFERENCES `solicitudes_consejo`.`estudiante` (`perCedula`)
    ON DELETE NO ACTION
    ON UPDATE NO ACTION)
ENGINE = InnoDB;


-- -----------------------------------------------------
-- Table `solicitudes_consejo`.`presidenteMiembro`
-- -----------------------------------------------------
DROP TABLE IF EXISTS `solicitudes_consejo`.`presidenteMiembro` ;

CREATE TABLE IF NOT EXISTS `solicitudes_consejo`.`presidenteMiembro` (
  `preFechaInicio` DATE NOT NULL COMMENT 'Fecha en que el miembro designado por el presidente inicia en ell mandato presidencial',
  `perCedula` INT NOT NULL,
  `preFechaFin` DATE NULL COMMENT 'Fecha en que termina el mandato\n',
  INDEX `fk_presidente_persona1_idx` (`perCedula` ASC) VISIBLE,
  PRIMARY KEY (`perCedula`),
  CONSTRAINT `fk_presidente_persona1`
    FOREIGN KEY (`perCedula`)
    REFERENCES `solicitudes_consejo`.`persona` (`perCedula`)
    ON DELETE NO ACTION
    ON UPDATE NO ACTION)
ENGINE = InnoDB;


-- -----------------------------------------------------
-- Table `solicitudes_consejo`.`profesor`
-- -----------------------------------------------------
DROP TABLE IF EXISTS `solicitudes_consejo`.`profesor` ;

CREATE TABLE IF NOT EXISTS `solicitudes_consejo`.`profesor` (
  `proAñosExperiencia` INT DEFAULT 0 COMMENT 'Número de años que lleva ejerciendo o ejerció como profesor',
  `perCedulaEgresado` INT NOT NULL,
  `proOficina` VARCHAR(45) NULL,
  `facId` INT NOT NULL,
  PRIMARY KEY (`perCedulaEgresado`),
  INDEX `fk_profesor_egresado1_idx` (`perCedulaEgresado` ASC) VISIBLE,
  INDEX `fk_profesor_facultad1_idx` (`facId` ASC) VISIBLE,
  CONSTRAINT `fk_profesor_egresado1`
    FOREIGN KEY (`perCedulaEgresado`)
    REFERENCES `solicitudes_consejo`.`egresado` (`perCedulaEst`)
    ON DELETE NO ACTION
    ON UPDATE NO ACTION,
  CONSTRAINT `fk_profesor_facultad1`
    FOREIGN KEY (`facId`)
    REFERENCES `solicitudes_consejo`.`facultad` (`facId`)
    ON DELETE NO ACTION
    ON UPDATE NO ACTION)
ENGINE = InnoDB;


-- -----------------------------------------------------
-- Table `solicitudes_consejo`.`rector`
-- -----------------------------------------------------
DROP TABLE IF EXISTS `solicitudes_consejo`.`rector` ;

CREATE TABLE IF NOT EXISTS `solicitudes_consejo`.`rector` (
  `recFechaInicio` DATE NOT NULL COMMENT 'Fecha en que inició como rector',
  `perCedulaEgresado` INT NOT NULL,
  `recFechaFin` DATE NULL COMMENT 'Fecha en que terminó como rector',
  PRIMARY KEY (`perCedulaEgresado`),
  INDEX `fk_rector_profesor1_idx` (`perCedulaEgresado` ASC) VISIBLE,
  CONSTRAINT `fk_rector_profesor1`
    FOREIGN KEY (`perCedulaEgresado`)
    REFERENCES `solicitudes_consejo`.`profesor` (`perCedulaEgresado`)
    ON DELETE NO ACTION
    ON UPDATE NO ACTION)
ENGINE = InnoDB;


-- -----------------------------------------------------
-- Table `solicitudes_consejo`.`requisitosNombres`
-- -----------------------------------------------------
DROP TABLE IF EXISTS `solicitudes_consejo`.`requisitosNombres` ;

CREATE TABLE IF NOT EXISTS `solicitudes_consejo`.`requisitosNombres` (
  `reqId` INT NOT NULL,
  `reqNombre` VARCHAR(100) NOT NULL,
  PRIMARY KEY (`reqId`))
ENGINE = InnoDB;


-- -----------------------------------------------------
-- Table `solicitudes_consejo`.`secretario`
-- -----------------------------------------------------
DROP TABLE IF EXISTS `solicitudes_consejo`.`secretario` ;

CREATE TABLE IF NOT EXISTS `solicitudes_consejo`.`secretario` (
  `perCedulaProfesor` INT NOT NULL,
  `secFechaInicio` DATE NOT NULL,
  `secFechaFin` DATE NULL,
  PRIMARY KEY (`perCedulaProfesor`),
  CONSTRAINT `fk_secretario_profesor1`
    FOREIGN KEY (`perCedulaProfesor`)
    REFERENCES `solicitudes_consejo`.`profesor` (`perCedulaEgresado`)
    ON DELETE NO ACTION
    ON UPDATE NO ACTION)
ENGINE = InnoDB;


-- -----------------------------------------------------
-- Table `solicitudes_consejo`.`sede`
-- -----------------------------------------------------
DROP TABLE IF EXISTS `solicitudes_consejo`.`sede` ;

CREATE TABLE IF NOT EXISTS `solicitudes_consejo`.`sede` (
  `sedId` INT NOT NULL,
  `sedNombre` VARCHAR(60) NOT NULL,
  PRIMARY KEY (`sedId`))
ENGINE = InnoDB;


-- -----------------------------------------------------
-- Table `solicitudes_consejo`.`sedeCon`
-- -----------------------------------------------------
DROP TABLE IF EXISTS `solicitudes_consejo`.`sedeCon` ;

CREATE TABLE IF NOT EXISTS `solicitudes_consejo`.`sedeCon` (
  `conId` INT NOT NULL,
  `sedId` INT NOT NULL,
  `comitId` TINYINT NOT NULL,
  PRIMARY KEY (`conId`, `sedId`),
  INDEX `fk_sede_comite1_idx` (`comitId` ASC) VISIBLE,
  INDEX `fk_sedeCon_sede1_idx` (`sedId` ASC) VISIBLE,
  CONSTRAINT `fk_sede_consejo1`
    FOREIGN KEY (`conId`)
    REFERENCES `solicitudes_consejo`.`consejo` (`conId`)
    ON DELETE NO ACTION
    ON UPDATE NO ACTION,
  CONSTRAINT `fk_sede_comite1`
    FOREIGN KEY (`comitId`)
    REFERENCES `solicitudes_consejo`.`comite` (`comId`)
    ON DELETE NO ACTION
    ON UPDATE NO ACTION,
  CONSTRAINT `fk_sedeCon_sede1`
    FOREIGN KEY (`sedId`)
    REFERENCES `solicitudes_consejo`.`sede` (`sedId`)
    ON DELETE NO ACTION
    ON UPDATE NO ACTION)
ENGINE = InnoDB;


-- -----------------------------------------------------
-- Table `solicitudes_consejo`.`sedeSolicitud`
-- -----------------------------------------------------
DROP TABLE IF EXISTS `solicitudes_consejo`.`sedeSolicitud` ;

CREATE TABLE IF NOT EXISTS `solicitudes_consejo`.`sedeSolicitud` (
  `solId` INT NOT NULL,
  `nomId` INT NOT NULL,
  `conId` INT NOT NULL,
  PRIMARY KEY (`solId`, `nomId`),
  INDEX `fk_sedeSolicitud_sede1_idx` (`conId` ASC) VISIBLE,
  INDEX `fk_sedeSolicitud_solicitud1_idx` (`solId` ASC, `nomId` ASC) VISIBLE,
  CONSTRAINT `fk_sedeSolicitud_sede1`
    FOREIGN KEY (`conId`)
    REFERENCES `solicitudes_consejo`.`sedeCon` (`conId`)
    ON DELETE NO ACTION
    ON UPDATE NO ACTION,
  CONSTRAINT `fk_sedeSolicitud_solicitud1`
    FOREIGN KEY (`solId` , `nomId`)
    REFERENCES `solicitudes_consejo`.`solicitud` (`solId` , `nomId`)
    ON DELETE NO ACTION
    ON UPDATE NO ACTION)
ENGINE = InnoDB;


-- -----------------------------------------------------
-- Table `solicitudes_consejo`.`sede_has_facultad`
-- -----------------------------------------------------
DROP TABLE IF EXISTS `solicitudes_consejo`.`sede_has_facultad` ;

CREATE TABLE IF NOT EXISTS `solicitudes_consejo`.`sede_has_facultad` (
  `sedId` INT NOT NULL,
  `facId` INT NOT NULL,
  PRIMARY KEY (`sedId`, `facId`),
  INDEX `fk_sede_has_facultad_facultad1_idx` (`facId` ASC) VISIBLE,
  INDEX `fk_sede_has_facultad_sede1_idx` (`sedId` ASC) VISIBLE,
  CONSTRAINT `fk_sede_has_facultad_sede1`
    FOREIGN KEY (`sedId`)
    REFERENCES `solicitudes_consejo`.`sede` (`sedId`)
    ON DELETE NO ACTION
    ON UPDATE NO ACTION,
  CONSTRAINT `fk_sede_has_facultad_facultad1`
    FOREIGN KEY (`facId`)
    REFERENCES `solicitudes_consejo`.`facultad` (`facId`)
    ON DELETE NO ACTION
    ON UPDATE NO ACTION)
ENGINE = InnoDB;


-- -----------------------------------------------------
-- Table `solicitudes_consejo`.`solicitud`
-- -----------------------------------------------------
DROP TABLE IF EXISTS `solicitudes_consejo`.`solicitud` ;

CREATE TABLE IF NOT EXISTS `solicitudes_consejo`.`solicitud` (
  `solId` INT NOT NULL AUTO_INCREMENT,
  `nomId` INT NOT NULL,
  `solMedio` VARCHAR(45) NOT NULL COMMENT 'Medio de envio de la solicitud, puede ser por el SIA o por el formulario de la facultad',
  `solTipo` VARCHAR(45) NOT NULL COMMENT 'Hay 3 tipos de solicitudes según el consejo que las llega a evaluar: de facultad, de sede y de csu',
  `solFechaEnvio` DATE NOT NULL,
  `solComentarios` LONGTEXT NULL,
  `solEstado` VARCHAR(45) NOT NULL,
  PRIMARY KEY (`solId`, `nomId`),
  INDEX `fk_solicitud_nombresSolicitudes1_idx` (`nomId` ASC) VISIBLE,
  CONSTRAINT `fk_solicitud_nombresSolicitudes1`
    FOREIGN KEY (`nomId`)
    REFERENCES `solicitudes_consejo`.`nombresSolicitudes` (`nomId`)
    ON DELETE NO ACTION
    ON UPDATE NO ACTION)
ENGINE = InnoDB;


-- -----------------------------------------------------
-- Table `solicitudes_consejo`.`solicitudes_has_requisitos`
-- -----------------------------------------------------
DROP TABLE IF EXISTS `solicitudes_consejo`.`solicitudes_has_requisitos` ;

CREATE TABLE IF NOT EXISTS `solicitudes_consejo`.`solicitudes_has_requisitos` (
  `nomId` INT NOT NULL,
  `reqId` INT NOT NULL,
  PRIMARY KEY (`nomId`, `reqId`),
  INDEX `fk_nombresSolicitudes_has_requisitosNombres_requisitosNombr_idx` (`reqId` ASC) VISIBLE,
  INDEX `fk_nombresSolicitudes_has_requisitosNombres_nombresSolicitu_idx` (`nomId` ASC) VISIBLE,
  CONSTRAINT `fk_nombresSolicitudes_has_requisitosNombres_nombresSolicitudes1`
    FOREIGN KEY (`nomId`)
    REFERENCES `solicitudes_consejo`.`nombresSolicitudes` (`nomId`)
    ON DELETE NO ACTION
    ON UPDATE NO ACTION,
  CONSTRAINT `fk_nombresSolicitudes_has_requisitosNombres_requisitosNombres1`
    FOREIGN KEY (`reqId`)
    REFERENCES `solicitudes_consejo`.`requisitosNombres` (`reqId`)
    ON DELETE NO ACTION
    ON UPDATE NO ACTION)
ENGINE = InnoDB;


-- -----------------------------------------------------
-- Table `solicitudes_consejo`.`telefono_persona`
-- -----------------------------------------------------
DROP TABLE IF EXISTS `solicitudes_consejo`.`telefono_persona` ;

CREATE TABLE IF NOT EXISTS `solicitudes_consejo`.`telefono_persona` (
  `telNumero` INT UNSIGNED NOT NULL,
  `telTipo` VARCHAR(30) NULL COMMENT 'Personal o trabajo',
  `perCedula` INT NOT NULL,
  `telId` INT NOT NULL AUTO_INCREMENT,
  INDEX `fk_telefono_persona_persona1_idx` (`perCedula` ASC) VISIBLE,
  PRIMARY KEY (`telId`),
  CONSTRAINT `fk_telefono_persona_persona1`
    FOREIGN KEY (`perCedula`)
    REFERENCES `solicitudes_consejo`.`persona` (`perCedula`)
    ON DELETE NO ACTION
    ON UPDATE NO ACTION)
ENGINE = InnoDB;


-- -----------------------------------------------------
-- Table `solicitudes_consejo`.`vicedecano`
-- -----------------------------------------------------
DROP TABLE IF EXISTS `solicitudes_consejo`.`vicedecano` ;

CREATE TABLE IF NOT EXISTS `solicitudes_consejo`.`vicedecano` (
  `perCedulaProfesor` INT NOT NULL,
  `vicdFechaInicio` DATE NOT NULL,
  `vicdFechaFin` DATE NULL,
  PRIMARY KEY (`perCedulaProfesor`),
  CONSTRAINT `fk_vicedecano_profesor1`
    FOREIGN KEY (`perCedulaProfesor`)
    REFERENCES `solicitudes_consejo`.`profesor` (`perCedulaEgresado`)
    ON DELETE NO ACTION
    ON UPDATE NO ACTION)
ENGINE = InnoDB;


-- -----------------------------------------------------
-- Table `solicitudes_consejo`.`vicerector`
-- -----------------------------------------------------
DROP TABLE IF EXISTS `solicitudes_consejo`.`vicerector` ;

CREATE TABLE IF NOT EXISTS `solicitudes_consejo`.`vicerector` (
  `perCedulaProfesor` INT NOT NULL,
  `vicrFechaInicio` DATE NOT NULL COMMENT 'Fecha en que inició como vicerrector',
  `vicrFechaFin` DATE NULL COMMENT 'Fecha en que terminó como vicerrector',
  PRIMARY KEY (`perCedulaProfesor`),
  CONSTRAINT `fk_vicerector_profesor1`
    FOREIGN KEY (`perCedulaProfesor`)
    REFERENCES `solicitudes_consejo`.`profesor` (`perCedulaEgresado`)
    ON DELETE NO ACTION
    ON UPDATE NO ACTION)
ENGINE = InnoDB;


SET SQL_MODE=@OLD_SQL_MODE;
SET FOREIGN_KEY_CHECKS=@OLD_FOREIGN_KEY_CHECKS;
SET UNIQUE_CHECKS=@OLD_UNIQUE_CHECKS;



-- ===================================================================================
--                                        INSERTS
-- ===================================================================================

-- ===================================================================================
--                                        \insert nombresSolicitudes
-- ===================================================================================
insert into nombresSolicitudes values(1, 'Inscripción de asignaturas');
insert into nombresSolicitudes values(2, 'Homologación');
insert into nombresSolicitudes values(3, 'Registro para trabajo de grado');
insert into nombresSolicitudes values(4, 'Inscripción sobre el máximo de créditos');
insert into nombresSolicitudes values(5, 'Cancelación del periodo académico');
insert into nombresSolicitudes values(6, 'Retiro del programa');
insert into nombresSolicitudes values(7, 'Doble titulación');
insert into nombresSolicitudes values(8, 'Inscripción PAE');
insert into nombresSolicitudes values(9, 'Práctica de campo');
insert into nombresSolicitudes values(10, 'Estímulos a estudiantes');
insert into nombresSolicitudes values(11, 'Recurso de reposición');
insert into nombresSolicitudes values(12, 'Reserva de cupo');
insert into nombresSolicitudes values(13, 'Cancelación de materias');
insert into nombresSolicitudes values(14, 'Traslado de créditos BAPI');
insert into nombresSolicitudes values(15, 'Cambio de grupo');
insert into nombresSolicitudes values(16, 'Desbloqueo de historia académica');
insert into nombresSolicitudes values(17, 'Traslado');
insert into nombresSolicitudes values(18, 'Reingreso');
insert into nombresSolicitudes values(19, 'Movilidad');
insert into nombresSolicitudes values(20, 'Condecoración del trabajo de grado');
insert into nombresSolicitudes values(21, 'Cambio del tutor');
insert into nombresSolicitudes values(22, 'Propuesta del trabajo final');
insert into nombresSolicitudes values(23, 'Paz y salvo');
insert into nombresSolicitudes values(24, 'Informe de avance');
insert into nombresSolicitudes values(25, 'Nombramiento del evaluador');
insert into nombresSolicitudes values(26, 'Cambio del objetivo de trabajo final');
insert into nombresSolicitudes values(27, 'Admisión segundo plan de estudios');
insert into nombresSolicitudes values(28, 'Excención de pago de derechos académicos');
insert into nombresSolicitudes values(29, 'Aceptación del grado individual');
insert into nombresSolicitudes values(30, 'Beca de posgrado');
insert into nombresSolicitudes values(31, 'Grado póstumo');
insert into nombresSolicitudes values(32, 'Vinculación de profesor nuevo');
insert into nombresSolicitudes values(33, 'Distinción a docentes');
insert into nombresSolicitudes values(34, 'Toma de año sabático');
insert into nombresSolicitudes values(35, 'Modificación de programas curriculares');
insert into nombresSolicitudes values(36, 'Convenio extranjero');

-- ===================================================================================
--                                       \insert requisitosNombres
-- ===================================================================================
insert into requisitosNombres values(1, 'Cursos a inscribir');
insert into requisitosNombres values(2, 'Porcentaje de avance del programa curricular');
insert into requisitosNombres values(3, 'Número de créditos inscritos');
insert into requisitosNombres values(4, 'Contenido programático de asignaturas del curso');
insert into requisitosNombres values(5, 'Certificado de aprobación de asignaturas');
insert into requisitosNombres values(6, 'Código de verificación de asignaturas');
insert into requisitosNombres values(7, 'Reporte de la historia académica del SIA');
insert into requisitosNombres values(8, 'Preinscripción al trabajo de grado');
insert into requisitosNombres values(9, 'Id del docente asesor');
insert into requisitosNombres values(10, 'Soportes y justificación');
insert into requisitosNombres values(11, 'Certificado de aprobación de asignaturas del segundo programa');
insert into requisitosNombres values(12, 'Área de extensión');
insert into requisitosNombres values(13, 'Certificado de notas');
insert into requisitosNombres values(14, 'Institución involucrada');
insert into requisitosNombres values(15, 'Certificación de la distinción');
insert into requisitosNombres values(16, 'Id de la solicitud involucrada');
insert into requisitosNombres values(17, 'Certificación del agotamiento de reservas de cupo');
insert into requisitosNombres values(18, 'Id de la materia involucrada');
insert into requisitosNombres values(19, 'Id del trabajo de grado');
insert into requisitosNombres values(20, 'Resultado del proceso de admisión');
insert into requisitosNombres values(21, 'Fecha de la pérdida de calidad de estudiante');
insert into requisitosNombres values(22, 'Tipo de movilidad');
insert into requisitosNombres values(23, 'Calificación de evaluadores');
insert into requisitosNombres values(24, 'Id de la propuesta de tesis');
insert into requisitosNombres values(25, 'Id del tutor involucrado');
insert into requisitosNombres values(26, 'Id del tutor nuevo');
insert into requisitosNombres values(27, 'Descripción del trabajo final');
insert into requisitosNombres values(28, 'Historial de pagos');
insert into requisitosNombres values(29, 'Certificación de avance satisfactorio');
insert into requisitosNombres values(30, 'Id del evaluador');
insert into requisitosNombres values(31, 'Aval del director de carrera');
insert into requisitosNombres values(32, 'Propuesta nueva de trabajo final');
insert into requisitosNombres values(33, 'Nuevo plan de estudios');
insert into requisitosNombres values(34, 'Cargo del empleado');
insert into requisitosNombres values(35, 'Certificación de créditos vistos');
insert into requisitosNombres values(36, 'Id del graduando');
insert into requisitosNombres values(37, 'Id del postulante');
insert into requisitosNombres values(38, 'Certificación de estudios y títulos');
insert into requisitosNombres values(39, 'Tipo de vinculación');
insert into requisitosNombres values(40, 'Certificación del tiempo de servicio');
insert into requisitosNombres values(41, 'Cursos para añadir');
insert into requisitosNombres values(42, 'Cursos para quitar');
insert into requisitosNombres values(43, 'Cambios para mallas curriculares');
insert into requisitosNombres values(44, 'Características de las propuestas del convenio');
insert into requisitosNombres values(45, 'Requisitos de la aplicación al convenio');
-- ===================================================================================
--                                       \insert solicitudes_has_requisitos
-- ===================================================================================
insert into solicitudes_has_requisitos values(1,1);
insert into solicitudes_has_requisitos values(1,2);
insert into solicitudes_has_requisitos values(1,3);
insert into solicitudes_has_requisitos values(2,4);
insert into solicitudes_has_requisitos values(2,5);
insert into solicitudes_has_requisitos values(2,6);
insert into solicitudes_has_requisitos values(2,7);
insert into solicitudes_has_requisitos values(3,8);
insert into solicitudes_has_requisitos values(3,9);
insert into solicitudes_has_requisitos values(4,2);
insert into solicitudes_has_requisitos values(4,3);
insert into solicitudes_has_requisitos values(4,10);
insert into solicitudes_has_requisitos values(5,10);
insert into solicitudes_has_requisitos values(6,10);
insert into solicitudes_has_requisitos values(7,4);
insert into solicitudes_has_requisitos values(7,7);
insert into solicitudes_has_requisitos values(7,11);
insert into solicitudes_has_requisitos values(8,12);
insert into solicitudes_has_requisitos values(8,13);
insert into solicitudes_has_requisitos values(8,2);
insert into solicitudes_has_requisitos values(8,7);
insert into solicitudes_has_requisitos values(9,14);
insert into solicitudes_has_requisitos values(9,2);
insert into solicitudes_has_requisitos values(9,7);
insert into solicitudes_has_requisitos values(10,15);
insert into solicitudes_has_requisitos values(11,16);
insert into solicitudes_has_requisitos values(11,10);
insert into solicitudes_has_requisitos values(12,17);
insert into solicitudes_has_requisitos values(12,10);
insert into solicitudes_has_requisitos values(13,18);
insert into solicitudes_has_requisitos values(13,2);
insert into solicitudes_has_requisitos values(13,10);
insert into solicitudes_has_requisitos values(14,7);
insert into solicitudes_has_requisitos values(14,19);
insert into solicitudes_has_requisitos values(15,18);
insert into solicitudes_has_requisitos values(15,7);
insert into solicitudes_has_requisitos values(16,10);
insert into solicitudes_has_requisitos values(16,18);
insert into solicitudes_has_requisitos values(17,7);
insert into solicitudes_has_requisitos values(17,20);
insert into solicitudes_has_requisitos values(17,13);
insert into solicitudes_has_requisitos values(18,21);
insert into solicitudes_has_requisitos values(19,22);
insert into solicitudes_has_requisitos values(19,7);
insert into solicitudes_has_requisitos values(19,13);
insert into solicitudes_has_requisitos values(20,19);
insert into solicitudes_has_requisitos values(20,23);
insert into solicitudes_has_requisitos values(21,24);
insert into solicitudes_has_requisitos values(21,25);
insert into solicitudes_has_requisitos values(21,26);
insert into solicitudes_has_requisitos values(22,19);
insert into solicitudes_has_requisitos values(22,25);
insert into solicitudes_has_requisitos values(22,27);
insert into solicitudes_has_requisitos values(23,28);
insert into solicitudes_has_requisitos values(24,29);
insert into solicitudes_has_requisitos values(25,30);
insert into solicitudes_has_requisitos values(25,19);
insert into solicitudes_has_requisitos values(26,19);
insert into solicitudes_has_requisitos values(26,31);
insert into solicitudes_has_requisitos values(26,32);
insert into solicitudes_has_requisitos values(27,7);
insert into solicitudes_has_requisitos values(27,33);
insert into solicitudes_has_requisitos values(28,34);
insert into solicitudes_has_requisitos values(29,35);
insert into solicitudes_has_requisitos values(30,7);
insert into solicitudes_has_requisitos values(30,13);
insert into solicitudes_has_requisitos values(31,35);
insert into solicitudes_has_requisitos values(31,36);
insert into solicitudes_has_requisitos values(32,37);
insert into solicitudes_has_requisitos values(32,38);
insert into solicitudes_has_requisitos values(32,39);
insert into solicitudes_has_requisitos values(33,15);
insert into solicitudes_has_requisitos values(34,40);
insert into solicitudes_has_requisitos values(35,41);
insert into solicitudes_has_requisitos values(35,42);
insert into solicitudes_has_requisitos values(35,43);
insert into solicitudes_has_requisitos values(36,14);
insert into solicitudes_has_requisitos values(36,44);
insert into solicitudes_has_requisitos values(36,45);

-- ===================================================================================
--                                        \insert facultad
-- ===================================================================================
insert into facultad (facNombre) values("Artes");
insert into facultad (facNombre) values("Ingenieria");
insert into facultad (facNombre) values("Ciencias Agrarias");
insert into facultad (facNombre) values("Enfermeria");
insert into facultad (facNombre) values("Derecho, Ciencias Políticas y Sociales");
insert into facultad (facNombre) values("Ciencias Humanas");
insert into facultad (facNombre) values("Ciencias");
insert into facultad (facNombre) values("Ciencias Económicas");
insert into facultad (facNombre) values("Medicina");
insert into facultad (facNombre) values("Odontología");
insert into facultad (facNombre) values("Medicina Veterinaria y de Zootecnia");

-- ===================================================================================
--                                        \insert carrera
-- ===================================================================================

-- FAC. ARTES
insert into carrera values(13, 'Antropología', 122, 'Presencial', 8, 'Antropólogo(A)', 1);
insert into carrera values(30, 'Arquitectura', 179, 'Presencial', 10, 'Arquitecto(A)', 1);
insert into carrera values(2497, 'Artes Plásticas', 166, 'Presencial', 10, 'Maestro en Artes Plásticas', 1);
insert into carrera values(6, 'Cine y Televisión', 0, 'Presencial', 8, 'Realizador(A) de Cine y Televisión', 1);
insert into carrera values(4, 'Diseño Gráfico', 148, 'Presencial', 9, 'Diseñador(A) Gráfico', 1);
insert into carrera values(5, 'Diseño Industrial', 169, 'Presencial', 10, 'Diseñador(A) Industrial', 1);

-- FAC. INGENIERIA
insert into carrera values(24, 'Ingeniería Agrícola', 180, 'Presencial', 10, 'Ingeniero(A) Agrícola', 2);
insert into carrera values(25, 'Ingeniería Civil', 180, 'Presencial', 10, 'Ingeniero(A) Civil', 2);
insert into carrera values(106661, 'Ingeniería de Sistemas y Computación', 165, 'Presencial', 10, 'Ingeniero(A) de sistemas y Computación', 2);
insert into carrera values(27, 'Ingeniería Eléctrica', 167, 'Presencial', 10, 'Ingeniero(A) Electricista', 2);
insert into carrera values(16941, 'Ingeniería Eléctronica', 172, 'Presencial', 10, 'Ingeniero(A) Electrónico(A)', 2);
insert into carrera values(16940, 'Ingeniería Industrial', 168, 'Presencial', 10, 'Ingeniero(A) Industrial', 2);
insert into carrera values(28, 'Ingeniería Mecánica', 180, 'Presencial', 10, 'Ingeniero(A) Mecánico(A)', 2);
insert into carrera values(16939, 'Ingeniería Mecatrónica', 179, 'Presencial', 10, 'Ingeniero(A) Mecatrónico(A)', 2);
insert into carrera values(29, 'Ingeniería Química', 180, 'Presencial', 10, 'Ingeniero(A) Químico(A)', 2);

-- FAC. CIENCIAS AGRARIAS
insert into carrera values(1, 'Ingeniería Agronómica', 180, 'Presencial', 10, 'Ingeniero(A) Agrónomo(A)', 3);

-- FAC. ENFERMERIA
insert into carrera values(7, 'Enfermería', 161, 'Presencial', 10, 'Enfermero(A)', 4);

-- FAC. Derecho, Ciencias Políticas y Sociales
insert into carrera values(17, 'Derecho', 161, 'Presencial', 10, 'Abogado(A)', 5);
insert into carrera values(3140, 'Ciencia Política', 126, 'Presencial', 8, 'Politólogo(A)', 5);

-- FAC. Ciencias Humanas
insert into carrera values(20, 'Filosofía', 122, 'Presencial', 8, 'Filósofo(A)', 6);
insert into carrera values(23, 'Filología e Idiomas', 0, 'Presencial', 8, 'Licenciado(A) en Filología e Idiomas', 6);
insert into carrera values(54036, 'Español y Filología Clásica', 0, 'Presencial', 8, 'Licenciado en Español y Filología Clásica', 6);
insert into carrera values(14, 'Psicología', 150, 'Presencial', 10, 'Psicólogo(A)', 6);
insert into carrera values(16938, 'Lingüística', 0, 'Presencial', 8, 'Lingüísta', 6);
insert into carrera values(16, 'Sociología', 131, 'Presencial', 8, 'Sociólogo(A)', 6);
insert into carrera values(3103, 'Geografía ', 128, 'Presencial', 8, 'Geógrafo(A)', 6);
insert into carrera values(15, 'Trabajo Social ', 148, 'Presencial', 10, 'Trabajador(A) Social', 6);

-- FAC. CIENCIAS
insert into carrera values(33, 'Física', 0, 'Presencial', 10, 'Físico(A)', 7);
insert into carrera values(31, 'Biología', 163, 'Presencial', 10, 'Biólogo(A)', 7);
insert into carrera values(32, 'Estadística', 141, 'Presencial', 9, 'Estadístico(A)', 7);
insert into carrera values(35, 'Matemáticas ', 140, 'Presencial', 10, 'Matemático(A)', 7);
insert into carrera values(37, 'Farmacia', 185, 'Presencial', 10, 'Químico(A) Farmacéutico(A)', 7);
insert into carrera values(34, 'Geología ', 166, 'Presencial', 10, 'Geólogo(A)', 7);
insert into carrera values(106341, 'Ciencias de la Computación', 139, 'Presencial', 9, 'Científico(A) de la Computación', 7);
insert into carrera values(36, 'Química ', 160, 'Presencial', 10, 'Químico(A)', 7);


-- FAC. CIENCIAS ECONOMICAS
insert into carrera values(19, 'Administración de Empresas', 164, 'Presencial', 10, 'Administrador(A) de Empresas', 8);
insert into carrera values(18, 'Economía', 151, 'Presencial', 9, 'Economista', 8);
insert into carrera values(16895, 'Contaduría Pública', 167, 'Presencial', 10, 'Contador(A) Público(A)', 8);

-- FAC. MEDICINA
insert into carrera values(9, 'Medicina', 0, 'Presencial', 12, 'Médico(A) Cirujano(A)', 9);
insert into carrera values(2, 'Medicina Veterinaria', 209, 'Presencial', 10, 'Médico(A) Veterinario(A)', 9);
insert into carrera values(8, 'Fisioterapia ', 166, 'Presencial', 10, 'Fisioterapeuta', 9);

-- FAC. ODONTOLOGÍA
insert into carrera values(11, 'Odontología', 180, 'Presencial', 10, 'Odontólogo(A)', 10);

-- FAC. MVZ
insert into carrera values(3, 'Zootecnia', 186, 'Presencial', 10, 'Zootecnista', 11);

-- Posgrados y maestrías
insert into carrera values(106674, 'Maestría en Ingeniería de Sistemas y Computación', 52, 'Presencial', 4, 'Magíster en Ingeniería de Sistemas y Computación', 2);

-- ===================================================================================
--                                        \insert persona
-- ===================================================================================

insert into persona values (278723719, 'Astrid Dayana', 'Correa Barreto','1997-03-24', 'Mujer', 'Bogotá', 'Ciudad Bolívar', 'Cl. 127 #64-78');
insert into persona values (500063218, 'Jorge Javier', 'Díaz Barrios','1968-08-21', 'Hombre', 'Bogotá', 'Fontibón', 'Cl. 102 #103-84');
insert into persona values (867165460, 'Sara Patricia', 'Molano Ramírez','1994-11-15', 'Mujer', 'Bogotá', 'Candelaria', 'Cl. 200 #154-43');
insert into persona values (889118908, 'Carlos Javier', 'Contreras Luna','1996-04-25', 'Hombre', 'Bogotá', 'Rafael Uribe Uribe', 'Cl. 123 #105-75');
insert into persona values (871230847, 'Andrea María', 'Sánchez Martínez','1971-08-31', 'Mujer', 'Bogotá', 'Ciudad Bolívar', 'Cl. 93 #151-83');
insert into persona values (757872421, 'Jonathan Enrique', 'Gutiérrez Orozco','1967-08-02', 'Hombre', 'Bogotá', 'Engativá', 'Cl. 36 #88-39');
insert into persona values (579642916, 'Alejandra Ester', 'Rivera Álvarez','1968-03-19', 'Mujer', 'Bogotá', 'Santa Fe', 'Cl. 35 #194-98');
insert into persona values (584770911, 'Nelson Fabián', 'Salgado Arias','1968-10-03', 'Hombre', 'Bogotá', 'Fontibón', 'Cl. 53 #170-71');
insert into persona values (453922988, 'Laura Margarita', 'Meneses García','1972-11-22', 'Mujer', 'Bogotá', 'Ciudad Bolívar', 'Cl. 97 #173-74');
insert into persona values (812766896, 'Julio James', 'Jaramillo Pulido','1987-06-10', 'Hombre', 'Bogotá', 'Teusaquillo', 'Cl. 136 #76-51');
insert into persona values (116973684, 'María Viviana', 'Hernández Castro','1965-07-30', 'Mujer', 'Bogotá', 'Antonio Nariño', 'Cl. 70 #10-67');
insert into persona values (427989704, 'Arturo David', 'Arias García','1979-08-19', 'Hombre', 'Bogotá', 'Santa Fe', 'Cl. 29 #91-77');
insert into persona values (957997622, 'Karen Mónica', 'Angarita Ramírez','1959-01-26', 'Mujer', 'Bogotá', 'Rafael Uribe Uribe', 'Cl. 165 #92-11');
insert into persona values (653989686, 'Elkin Adalberto', 'Gómez Chacón','1967-07-19', 'Hombre', 'Bogotá', 'Tunjuelito', 'Cl. 39 #103-62');
insert into persona values (734525776, 'Rosa Amalia', 'Vargas Restrepo','1988-02-11', 'Mujer', 'Bogotá', 'Usme', 'Cl. 153 #40-37');
insert into persona values (491194920, 'Alberto William', 'Vanegas Ruiz','2010-05-11', 'Hombre', 'Bogotá', 'Tunjuelito', 'Cl. 141 #55-88');
insert into persona values (163473033, 'Alejandra Ana', 'Lara López','1994-12-20', 'Mujer', 'Bogotá', 'Tunjuelito', 'Cl. 155 #164-99');
insert into persona values (878539910, 'Óscar Andrés', 'Durán Moreno','1990-05-31', 'Hombre', 'Bogotá', 'Bosa', 'Cl. 76 #88-4');
insert into persona values (210674589, 'Ana Inés', 'Giraldo Martínez','1990-02-07', 'Mujer', 'Bogotá', 'Fontibón', 'Cl. 142 #68-52');
insert into persona values (684441071, 'Alexander Rodrigo', 'Cifuentes Posada','2007-11-09', 'Hombre', 'Bogotá', 'Fontibón', 'Cl. 193 #84-46');
insert into persona values (825573331, 'Luz Gladys', 'Muñoz Flórez','1960-07-27', 'Mujer', 'Bogotá', 'Engativá', 'Cl. 175 #10-9');
insert into persona values (85781079, 'Julio Camilo', 'Rosero Murillo','1995-08-29', 'Hombre', 'Bogotá', 'Teusaquillo', 'Cl. 57 #74-3');
insert into persona values (212052110, 'María Ángela', 'López Marín','1968-02-03', 'Mujer', 'Bogotá', 'Chapinero', 'Cl. 178 #104-16');
insert into persona values (641587042, 'Ricardo Iván', 'Ramírez Beltrán','1966-10-12', 'Hombre', 'Bogotá', 'Usme', 'Cl. 148 #23-96');
insert into persona values (569319906, 'Carmen Estefanía', 'Perdomo Sanabria','1977-11-01', 'Mujer', 'Bogotá', 'Los Mártires', 'Cl. 100 #107-7');
insert into persona values (172112547, 'Alberto Jorge', 'Herrera López','1987-01-07', 'Hombre', 'Bogotá', 'Rafael Uribe Uribe', 'Cl. 168 #148-3');
insert into persona values (819870251, 'Elizabeth Andrea', 'Jiménez Rodríguez','1984-11-08', 'Mujer', 'Bogotá', 'Puente Aranda', 'Cl. 30 #200-46');
insert into persona values (56417558, 'José Fernando', 'Romero Rojas','1973-10-23', 'Hombre', 'Bogotá', 'Puente Aranda', 'Cl. 74 #74-73');
insert into persona values (452960473, 'Cindy Martha', 'Gallego García','1967-03-01', 'Mujer', 'Bogotá', 'Chapinero', 'Cl. 35 #129-8');
insert into persona values (91884100, 'Pablo Jesús', 'Vargas Mercado','1987-12-05', 'Hombre', 'Bogotá', 'Teusaquillo', 'Cl. 17 #185-37');
-- rectora
insert into persona values (41437894, 'Dolly', 'Montoya Castaño', '1948-05-6', 'Mujer', 'Bogotá', 'Teusquillo', 'Cl.26 #30-14');
-- rectora
insert into persona values (110706343, 'Lucero Flor', 'Martínez Aguirre','1972-02-18', 'Mujer', 'Bogotá', 'Candelaria', 'Cl. 24 #38-99');
insert into persona values (126955156, 'Gustavo Dario', 'Ortega González','1987-08-28', 'Hombre', 'Bogotá', 'Usaquén', 'Cl. 22 #193-12');
insert into persona values (820939323, 'Daniela Patricia', 'Barbosa Alfonso','1960-05-10', 'Mujer', 'Bogotá', 'Engativá', 'Cl. 108 #6-55');
insert into persona values (784275110, 'Andrés Arturo', 'Hoyos Montoya','2009-04-18', 'Hombre', 'Bogotá', 'Sumapaz', 'Cl. 172 #10-25');
insert into persona values (618952664, 'María María', 'Londoño López','1960-06-21', 'Mujer', 'Bogotá', 'Usaquén', 'Cl. 154 #158-80');
insert into persona values (827389691, 'Antonio Alfonso', 'Díaz Álvarez','2014-05-17', 'Hombre', 'Bogotá', 'Antonio Nariño', 'Cl. 149 #152-58');
insert into persona values (919584433, 'Juliana Claudia', 'Ardila Palacios','1982-06-12', 'Mujer', 'Bogotá', 'Bosa', 'Cl. 128 #87-34');
insert into persona values (638952303, 'Eduardo Fernando', 'Rodríguez Díaz','1990-06-17', 'Hombre', 'Bogotá', 'Kennedy', 'Cl. 127 #145-10');
insert into persona values (499098560, 'Martha Diana', 'Jiménez García','1990-04-13', 'Mujer', 'Bogotá', 'Barrios Unidos', 'Cl. 57 #165-68');
insert into persona values (677095688, 'Fernando Nelson', 'Espinosa Hernández','2020-08-24', 'Hombre', 'Bogotá', 'Puente Aranda', 'Cl. 168 #31-24');
insert into persona values (171862834, 'Liliana Laura', 'Bedoya Arenas','1960-12-07', 'Mujer', 'Bogotá', 'Candelaria', 'Cl. 50 #183-96');
insert into persona values (108615481, 'Andrés Luis', 'Alvarado Mendoza','1982-09-28', 'Hombre', 'Bogotá', 'Usme', 'Cl. 44 #1-52');
insert into persona values (802182666, 'Mónica Laura', 'Parra Ayala','1977-12-02', 'Mujer', 'Bogotá', 'Chapinero', 'Cl. 8 #66-21');
insert into persona values (703317196, 'Ciro César', 'Ospina Vera','1994-07-06', 'Hombre', 'Bogotá', 'Puente Aranda', 'Cl. 149 #11-49');
insert into persona values (48362901, 'Martha Sonia', 'Martínez Betancur','1991-08-19', 'Mujer', 'Bogotá', 'Barrios Unidos', 'Cl. 52 #195-19');
insert into persona values (56477713, 'William Gustavo', 'Henao León','1991-11-20', 'Hombre', 'Bogotá', 'Bosa', 'Cl. 4 #139-60');
insert into persona values (522903329, 'Estefanía Dary', 'Sierra Hernández','1983-05-05', 'Mujer', 'Bogotá', 'Puente Aranda', 'Cl. 138 #78-66');
insert into persona values (541918572, 'Yesid Luis', 'Ramírez Fernández','1991-01-25', 'Hombre', 'Bogotá', 'Rafael Uribe Uribe', 'Cl. 71 #21-1');
insert into persona values (774499582, 'Yolanda Diana', 'González Valencia','1978-05-18', 'Mujer', 'Bogotá', 'Kennedy', 'Cl. 152 #167-31');
insert into persona values (641974882, 'René Jonathan', 'Cardozo Vásquez','1967-04-19', 'Hombre', 'Bogotá', 'Ciudad Bolívar', 'Cl. 5 #193-47');
insert into persona values (180620498, 'María Patricia', 'Prada Ríos','1968-07-25', 'Mujer', 'Bogotá', 'Puente Aranda', 'Cl. 16 #63-38');
insert into persona values (620070559, 'Ricardo Yecid', 'Valencia Pulido','1963-10-10', 'Hombre', 'Bogotá', 'Chapinero', 'Cl. 161 #131-16');
insert into persona values (341065065, 'Esther Elena', 'López Meneses','1960-11-02', 'Mujer', 'Bogotá', 'Tunjuelito', 'Cl. 78 #97-91');
insert into persona values (381135508, 'Alexander Stiven', 'Rodríguez Córdoba','1999-10-23', 'Hombre', 'Bogotá', 'Rafael Uribe Uribe', 'Cl. 27 #143-100');
insert into persona values (998816012, 'Luisa Ana', 'Correa Quiroz','1999-06-10', 'Mujer', 'Bogotá', 'Usme', 'Cl. 19 #115-56');
insert into persona values (933893339, 'Rodrigo Alirio', 'Sánchez Quintero','1960-05-11', 'Hombre', 'Bogotá', 'Usme', 'Cl. 121 #147-52');
insert into persona values (904769687, 'Damaris Lorena', 'Díaz Carvajal','1975-05-13', 'Mujer', 'Bogotá', 'Teusaquillo', 'Cl. 17 #197-75');
insert into persona values (652830979, 'Mario Alexander', 'Jaimes Ariza','1995-09-04', 'Hombre', 'Bogotá', 'Usme', 'Cl. 107 #139-8');
insert into persona values (226371289, 'Jimena Rosa', 'Narváez Quintero','1974-03-01', 'Mujer', 'Bogotá', 'Barrios Unidos', 'Cl. 198 #144-61');
insert into persona values (438139096, 'Manuel Stiven', 'Cantillo Mosquera','1961-12-09', 'Hombre', 'Bogotá', 'Tunjuelito', 'Cl. 82 #92-63');
insert into persona values (399721071, 'Aura María', 'Duarte Ríos','1963-04-02', 'Mujer', 'Bogotá', 'Candelaria', 'Cl. 197 #128-69');
insert into persona values (211429035, 'Ángel José', 'Torres Duarte','1982-09-04', 'Hombre', 'Bogotá', 'Los Mártires', 'Cl. 71 #40-6');
insert into persona values (432003164, 'María Gloria', 'Cortés Rodríguez','1970-11-27', 'Mujer', 'Bogotá', 'Fontibón', 'Cl. 126 #190-89');
insert into persona values (186678884, 'Andrés Efrain', 'Castro Muñoz','2011-02-12', 'Hombre', 'Bogotá', 'Los Mártires', 'Cl. 3 #195-9');
insert into persona values (230951818, 'Clara Liliana', 'Mosquera Luna','1995-11-20', 'Mujer', 'Bogotá', 'Candelaria', 'Cl. 172 #92-28');
insert into persona values (396580777, 'Jesús Jorge', 'Peña Rivera','1996-07-02', 'Hombre', 'Bogotá', 'Ciudad Bolívar', 'Cl. 126 #169-78');
insert into persona values (909068105, 'Nelsy Esther', 'Rojas López','1976-03-23', 'Mujer', 'Bogotá', 'Engativá', 'Cl. 86 #56-81');
insert into persona values (946262560, 'Reinaldo Alberto', 'Benítez Ortiz','1961-02-08', 'Hombre', 'Bogotá', 'Ciudad Bolívar', 'Cl. 105 #199-82');
insert into persona values (523130863, 'Tatiana Magnolia', 'Carvajal Trujillo','1981-02-13', 'Mujer', 'Bogotá', 'Kennedy', 'Cl. 158 #88-29');
insert into persona values (462304303, 'Juan Nelson', 'Muñoz Giraldo','2004-11-11', 'Hombre', 'Bogotá', 'Puente Aranda', 'Cl. 197 #28-31');
insert into persona values (765697074, 'María Ana', 'Aguilar Vargas','1972-10-11', 'Mujer', 'Bogotá', 'Puente Aranda', 'Cl. 129 #25-76');
insert into persona values (321048265, 'José Sebastián', 'Galvis Rincón','2021-08-19', 'Hombre', 'Bogotá', 'Candelaria', 'Cl. 140 #14-2');
insert into persona values (248033936, 'Ana Rosa', 'Núñez Martínez','1979-10-08', 'Mujer', 'Bogotá', 'Suba', 'Cl. 95 #159-96');
insert into persona values (817595237, 'Nicolás Germán', 'Figueroa Salgado','1988-09-07', 'Hombre', 'Bogotá', 'Rafael Uribe Uribe', 'Cl. 131 #162-50');
insert into persona values (805213932, 'María Carolina', 'González Martínez','1968-10-01', 'Mujer', 'Bogotá', 'Tunjuelito', 'Cl. 102 #56-61');
insert into persona values (413220262, 'Fernando Carlos', 'Salazar Mantilla','1976-12-01', 'Hombre', 'Bogotá', 'Santa Fe', 'Cl. 64 #136-18');
insert into persona values (52937193, 'Lilia Carolina', 'Lozano Hernández','1960-02-07', 'Mujer', 'Bogotá', 'Teusaquillo', 'Cl. 183 #121-18');
insert into persona values (341582364, 'Augusto Roger', 'Arias Álvarez','2013-06-10', 'Hombre', 'Bogotá', 'Usme', 'Cl. 65 #59-71');
insert into persona values (226524942, 'Estella Paula', 'López Díaz','1960-09-29', 'Mujer', 'Bogotá', 'Usaquén', 'Cl. 92 #179-41');
insert into persona values (135931789, 'Camilo Jaime', 'Restrepo Villamizar','2009-05-06', 'Hombre', 'Bogotá', 'Bosa', 'Cl. 175 #66-78');
insert into persona values (79411810, 'Inés Silvia', 'Montes Márquez','1993-03-20', 'Mujer', 'Bogotá', 'Kennedy', 'Cl. 13 #66-81');
insert into persona values (158819284, 'Jorge Juan', 'Arenas Palacios','1970-03-28', 'Hombre', 'Bogotá', 'Suba', 'Cl. 20 #185-99');
insert into persona values (954182797, 'Patricia Luz', 'Trujillo Olaya','1985-01-11', 'Mujer', 'Bogotá', 'Tunjuelito', 'Cl. 81 #62-53');
insert into persona values (105697848, 'Miguel Daniel', 'López Pedraza','1966-08-09', 'Hombre', 'Bogotá', 'Suba', 'Cl. 164 #111-100');
insert into persona values (98021231, 'Patricia Tania', 'Duarte Aguilar','1991-06-14', 'Mujer', 'Bogotá', 'Bosa', 'Cl. 45 #41-50');
insert into persona values (95032662, 'Enrique Jorge', 'Arango Rivera','1995-07-20', 'Hombre', 'Bogotá', 'Ciudad Bolívar', 'Cl. 179 #156-82');
insert into persona values (358396477, 'Emilia María', 'Díaz Díaz','1971-04-22', 'Mujer', 'Bogotá', 'Antonio Nariño', 'Cl. 101 #177-21');
insert into persona values (356772464, 'Richard Francisco', 'Chaparro Cano','2004-07-11', 'Hombre', 'Bogotá', 'Santa Fe', 'Cl. 137 #160-88');
insert into persona values (107287532, 'Rosa Julieth', 'Mena Velásquez','1972-02-02', 'Mujer', 'Bogotá', 'Engativá', 'Cl. 109 #178-87');
insert into persona values (216686401, 'José Antonio', 'Sánchez Rivera','2001-05-25', 'Hombre', 'Bogotá', 'Teusaquillo', 'Cl. 80 #183-34');
insert into persona values (582701184, 'Yaneth Diana', 'Gaitán Ramos','1983-11-01', 'Mujer', 'Bogotá', 'Santa Fe', 'Cl. 1 #190-72');
insert into persona values (967252737, 'Jair Héctor', 'Guerrero Contreras','2020-08-10', 'Hombre', 'Bogotá', 'Antonio Nariño', 'Cl. 102 #95-21');
insert into persona values (305638259, 'Yina Eugenia', 'Sánchez Ortiz','1966-10-23', 'Mujer', 'Bogotá', 'Suba', 'Cl. 14 #178-82');
insert into persona values (840512476, 'Nelson Edwar', 'Gallego Cortés','1964-10-16', 'Hombre', 'Bogotá', 'Suba', 'Cl. 12 #35-4');
insert into persona values (790449081, 'Rosario Inés', 'Hurtado Muñoz','1962-08-25', 'Mujer', 'Bogotá', 'Los Mártires', 'Cl. 69 #101-29');
insert into persona values (63834646, 'José Leonardo', 'Castro García','1959-06-02', 'Hombre', 'Bogotá', 'Sumapaz', 'Cl. 138 #184-97');
insert into persona values (567150815, 'Sandra Esperanza', 'Muñoz Pulido','1961-08-28', 'Mujer', 'Bogotá', 'Teusaquillo', 'Cl. 159 #150-22');
insert into persona values (402515645, 'Dario Luis', 'Guerrero Pineda','2015-07-22', 'Hombre', 'Bogotá', 'Kennedy', 'Cl. 99 #115-72');
insert into persona values (336766122, 'Jazmín Yaneth', 'Jaimes Quintero','1980-09-09', 'Mujer', 'Bogotá', 'Engativá', 'Cl. 189 #127-73');
insert into persona values (308987292, 'Arturo Edgar', 'Torres Arango','1997-06-18', 'Hombre', 'Bogotá', 'Kennedy', 'Cl. 199 #29-85');

-- ===================================================================================
--                                        \insert presidenteMiembro
-- ===================================================================================

insert into presidenteMiembro (preFechaInicio, perCedula) values ('2022-08-07',85781079);

-- ===================================================================================
--                                        \insert ministro
-- ===================================================================================

insert into ministro (minFechaInicio, perCedula) values ('2022-08-07',91884100);


-- ===================================================================================
--                                        \insert estudiante
-- ===================================================================================

insert into estudiante values (453922988, 3.6, 4.6, 4.7);
insert into estudiante values (812766896, 4.0, 3.6, 4.1);
insert into estudiante values (569319906, 4.3, 3.2, 3.9);
insert into estudiante values (500063218, 4.8, 4.7, 4.7);
insert into estudiante values (56417558, 3.1, 3.5, 4.2);
insert into estudiante values (172112547, 3.5, 3.7, 3.4);
insert into estudiante values (212052110, 3.4, 3.5, 4.4);
insert into estudiante values (584770911, 3.1, 3.5, 4.3);
insert into estudiante values (579642916, 3.5, 3.2, 4.4);
insert into estudiante values (867165460, 4.1, 3.9, 4.4);
-- otros
insert into estudiante values (641974882, 4.5, 3.9, 4.1);
insert into estudiante values (499098560, 4.7, 4.4, 4.4);
insert into estudiante values (840512476, 4.4, 4.9, 3.4);
insert into estudiante values (336766122, 4.2, 4.0, 3.1);
insert into estudiante values (381135508, 3.8, 3.4, 4.6);
insert into estudiante values (180620498, 4.2, 3.3, 3.6);
insert into estudiante values (652830979, 4.6, 3.6, 3.1);
insert into estudiante values (56477713, 4.6, 4.2, 4.7);
insert into estudiante values (703317196, 3.4, 3.5, 3.1);
insert into estudiante values (582701184, 4.2, 5.0, 3.0);
insert into estudiante values (790449081, 3.8, 4.5, 3.1);
insert into estudiante values (774499582, 4.7, 3.2, 3.0);
insert into estudiante values (356772464, 4.5, 4.6, 3.1);
insert into estudiante values (105697848, 4.3, 3.3, 4.3);
insert into estudiante values (541918572, 3.4, 4.6, 4.0);
insert into estudiante values (341065065, 4.7, 3.5, 4.4);
insert into estudiante values (305638259, 4.7, 4.4, 4.1);
insert into estudiante values (63834646, 4.2, 4.9, 4.4);
insert into estudiante values (784275110, 4.8, 4.4, 3.7);
insert into estudiante values (438139096, 3.6, 3.8, 4.7);
insert into estudiante values (765697074, 4.4, 3.9, 4.1);
insert into estudiante values (358396477, 4.5, 3.4, 3.4);
insert into estudiante values (226524942, 4.7, 3.9, 3.4);
insert into estudiante values (946262560, 3.0, 4.9, 3.4);
insert into estudiante values (48362901, 4.3, 3.6, 3.2);
insert into estudiante values (211429035, 3.5, 4.8, 3.1);
insert into estudiante values (52937193, 3.1, 4.8, 3.9);
insert into estudiante values (79411810, 4.8, 4.1, 3.6);
insert into estudiante values (827389691, 3.9, 3.9, 4.7);
insert into estudiante values (904769687, 4.9, 4.9, 4.7);
insert into estudiante values (341582364, 3.3, 3.3, 3.9);
insert into estudiante values (919584433, 3.6, 4.7, 4.4);
insert into estudiante values (110706343, 4.4, 4.9, 4.9);
insert into estudiante values (126955156, 3.7, 3.9, 3.9);
insert into estudiante values (567150815, 3.7, 3.7, 4.9);
insert into estudiante values (135931789, 3.9, 3.0, 3.3);
insert into estudiante values (98021231, 4.5, 4.7, 3.6);
insert into estudiante values (909068105, 4.4, 3.5, 3.9);
insert into estudiante values (805213932, 4.0, 3.5, 3.7);
insert into estudiante values (933893339, 4.9, 3.1, 4.6);
insert into estudiante values (399721071, 4.9, 3.8, 3.2);
insert into estudiante values (638952303, 3.9, 3.8, 4.8);
insert into estudiante values (95032662, 4.5, 3.1, 4.1);
insert into estudiante values (618952664, 4.0, 3.5, 3.2);
insert into estudiante values (158819284, 4.7, 4.7, 3.2);
insert into estudiante values (954182797, 4.2, 3.9, 3.6);
insert into estudiante values (967252737, 5.0, 4.9, 3.3);
insert into estudiante values (171862834, 3.7, 4.6, 3.3);
insert into estudiante values (396580777, 4.2, 3.3, 3.7);
insert into estudiante values (820939323, 4.0, 3.7, 4.5);
insert into estudiante values (802182666, 4.1, 3.7, 3.9);
insert into estudiante values (523130863, 3.5, 4.8, 4.5);
insert into estudiante values (108615481, 3.9, 4.6, 3.3);
insert into estudiante values (413220262, 3.5, 3.9, 4.4);
insert into estudiante values (230951818, 3.4, 3.8, 3.5);
insert into estudiante values (186678884, 3.4, 4.9, 3.1);
insert into estudiante values (817595237, 4.5, 4.9, 3.4);
insert into estudiante values (216686401, 4.2, 3.0, 3.7);
insert into estudiante values (107287532, 4.4, 4.7, 4.6);
insert into estudiante values (620070559, 4.4, 4.4, 4.8);
-- rectora
insert into estudiante values (41437894, 0, 0, 0);

-- ===================================================================================
--                                        \insert egresados
-- ===================================================================================
-- rectora
insert into egresado values('1977-06-16', 41437894);
-- decanos 
insert into egresado values ('2010-08-01',840512476);
insert into egresado values ('1994-03-22',933893339);
insert into egresado values ('2011-09-26',158819284);
insert into egresado values ('2000-11-11',820939323);
insert into egresado values ('2001-09-04',107287532);
insert into egresado values ('2000-10-31',805213932);
insert into egresado values ('1990-05-26',579642916);
insert into egresado values ('2001-11-10',305638259);
insert into egresado values ('2006-05-20',63834646);
insert into egresado values ('2001-05-17',399721071);
insert into egresado values ('2011-08-18',341065065);
-- ADMINISTRATIVOS
insert into egresado values ('1998-07-05',358396477);
insert into egresado values ('2007-06-26',567150815);
insert into egresado values ('2004-10-10',180620498);
insert into egresado values ('2012-02-12',52937193);
insert into egresado values ('2012-10-25',584770911);
insert into egresado values ('2005-09-20',453922988);
insert into egresado values ('2007-02-06',641974882);
insert into egresado values ('2005-12-14',500063218);
insert into egresado values ('2003-12-25',946262560);
insert into egresado values ('2001-01-27',226524942);
insert into egresado values ('2017-12-06', 48362901);
insert into egresado values ('2020-06-06', 56477713);
insert into egresado values ('2021-12-18', 79411810);
insert into egresado values ('2022-12-23', 95032662);
insert into egresado values ('2011-04-29',105697848);
insert into egresado values ('2005-11-06',618952664);

-- egresados-OTROS
insert into egresado values ('2000-05-09',438139096);
insert into egresado values ('2013-02-12',212052110);

-- egresados-profesores
insert into egresado values ('2000-03-24',110706343);
insert into egresado values ('2000-02-04',790449081);
insert into egresado values ('1996-09-29',620070559);
insert into egresado values ('1990-11-17',765697074);
insert into egresado values ('2012-11-22',171862834);

-- ===================================================================================
--                                        \insert pregradoEST
-- ===================================================================================
insert into pregradoEST values (784275110);
insert into pregradoEST values (541918572);
insert into pregradoEST values (919584433);
insert into pregradoEST values (126955156);
insert into pregradoEST values (827389691);
insert into pregradoEST values (638952303);
insert into pregradoEST values (186678884);
insert into pregradoEST values (523130863);
insert into pregradoEST values (774499582);
insert into pregradoEST values (413220262);
insert into pregradoEST values (867165460);
insert into pregradoEST values (211429035);
insert into pregradoEST values (499098560);
insert into pregradoEST values (172112547);
insert into pregradoEST values (216686401);
insert into pregradoEST values (909068105);
-- ===================================================================================
--                                        \insert posgradoEST
-- ===================================================================================
insert into posgradoEST values (56417558);
insert into posgradoEST values (802182666);
insert into posgradoEST values (652830979);
insert into posgradoEST values (812766896);
insert into posgradoEST values (904769687);
insert into posgradoEST values (341582364);
insert into posgradoEST values (98021231);
insert into posgradoEST values (230951818);
insert into posgradoEST values (582701184);
insert into posgradoEST values (569319906);
insert into posgradoEST values (381135508);
insert into posgradoEST values (954182797);
insert into posgradoEST values (967252737);
insert into posgradoEST values (703317196);
insert into posgradoEST values (817595237);
insert into posgradoEST values (135931789);


-- ===================================================================================
--                                        \insert profesor
-- ===================================================================================
-- rectora
insert into profesor (perCedulaEgresado, proAñosExperiencia, facId) values (41437894, 10, 7);
-- Decano Artes
insert into profesor (perCedulaEgresado, facId) values (840512476,1);
-- Decano Ingeniería
insert into profesor (perCedulaEgresado, facId) values (933893339,2);
-- Decano Ciencias Agrarias
insert into profesor (perCedulaEgresado, facId) values (158819284,3);
-- Decano Enfermeria
insert into profesor (perCedulaEgresado, facId) values (820939323,4);
-- Decano Derecho
insert into profesor (perCedulaEgresado, facId) values (107287532,5);
-- Decano Ciencias Humanas
insert into profesor (perCedulaEgresado, facId) values (805213932,6);
-- Decano  Ciencias 
insert into profesor (perCedulaEgresado, facId) values (579642916,7);
-- Decano Ciencias Economicas
insert into profesor (perCedulaEgresado, facId) values (305638259,8);
-- Decano Medicina
insert into profesor (perCedulaEgresado, facId) values (63834646,9);
-- Decano Odontología
insert into profesor (perCedulaEgresado, facId) values (399721071,10);
-- Decano MVZ
insert into profesor (perCedulaEgresado, facId) values (341065065,11);

-- Exrector
insert into profesor (perCedulaEgresado, facId) values (358396477,4);
-- Vicerector
insert into profesor (perCedulaEgresado, facId) values (567150815,9);
-- Director Programa Curricular
insert into profesor (perCedulaEgresado, facId) values (180620498,3);
-- Director Bienestar
insert into profesor (perCedulaEgresado, facId) values (52937193,11);
-- Director Secretario
insert into profesor (perCedulaEgresado, facId) values (584770911,2);
-- Vicedecano Artes
insert into profesor (perCedulaEgresado, facId) values (453922988,1);
-- Vicedecano Ingeniería
insert into profesor (perCedulaEgresado, facId) values (641974882,2);
-- Vicedecano Agrarias
insert into profesor (perCedulaEgresado, facId) values (500063218,3);
-- Vicedecano Enfermeria
insert into profesor (perCedulaEgresado, facId) values (946262560,4);
-- Vicedecano Derecho
insert into profesor (perCedulaEgresado, facId) values (226524942,5);
-- Vicedecano Humanas
insert into profesor (perCedulaEgresado, facId) values (48362901,6);
-- Vicedecano Ciencias
insert into profesor (perCedulaEgresado, facId) values (56477713,7);
-- Vicedecano Economicas
insert into profesor (perCedulaEgresado, facId) values (79411810,8);
-- Vicedecano Medicina
insert into profesor (perCedulaEgresado, facId) values (95032662,9);
-- Vicedecano Odonto
insert into profesor (perCedulaEgresado, facId) values (105697848,10);
-- Vicedecano MVZ
insert into profesor (perCedulaEgresado, facId) values (618952664,11);

-- profesores - otros
insert into profesor (perCedulaEgresado, facId) values (110706343,1);
insert into profesor (perCedulaEgresado, facId) values (790449081,2);
insert into profesor (perCedulaEgresado, facId) values (620070559,3);
insert into profesor (perCedulaEgresado, facId) values (765697074,4);
insert into profesor (perCedulaEgresado, facId) values (171862834,5);

-- ===================================================================================
--                                        \insert comite
-- ===================================================================================

insert into comite (comNombre) values ('Comité del Consejo de Sede');
insert into comite (comNombre) values ('Comité del Consejo de Facultad de Ingeniería');
insert into comite (comNombre) values ('Comité del CSU');
insert into comite (comNombre) values ('Comité de la carrera ingeniería de sistemas');

-- ===================================================================================
--                                        \insert miembro_comite
-- ===================================================================================
-- miembros consejo sede
insert into miembro_comite (perCedula, miemRol, comId, comMiemFechaInicio) values (41437894,'Rector',1,'2022-02-14');
insert into miembro_comite (perCedula, miemRol, comId, comMiemFechaInicio) values (567150815,'Vicerrector',1,'2022-02-14');
insert into miembro_comite (perCedula, miemRol, comId, comMiemFechaInicio) values (840512476,'Decano Artes',1,'2022-02-14');
insert into miembro_comite (perCedula, miemRol, comId, comMiemFechaInicio) values (933893339,'Decano Ingenieria',1,'2022-02-14');
insert into miembro_comite (perCedula, miemRol, comId, comMiemFechaInicio) values (158819284,'Decano Ciencias Agrarias',1,'2022-02-14');
insert into miembro_comite (perCedula, miemRol, comId, comMiemFechaInicio) values (820939323,'Decano Enfermeria',1,'2022-02-14');
insert into miembro_comite (perCedula, miemRol, comId, comMiemFechaInicio) values (107287532,'Decano Derecho',1,'2022-02-14');
insert into miembro_comite (perCedula, miemRol, comId, comMiemFechaInicio) values (805213932,'Decano Ciencias Humanas',1,'2022-02-14');
insert into miembro_comite (perCedula, miemRol, comId, comMiemFechaInicio) values (579642916,'Decano Ciencias',1,'2022-02-14');
insert into miembro_comite (perCedula, miemRol, comId, comMiemFechaInicio) values (305638259,'Decano Ciencias Economicas',1,'2022-02-14');
insert into miembro_comite (perCedula, miemRol, comId, comMiemFechaInicio) values (63834646,'Decano Medicina',1,'2022-02-14');
insert into miembro_comite (perCedula, miemRol, comId, comMiemFechaInicio) values (399721071,'Decano Odontología',1,'2022-02-14');
insert into miembro_comite (perCedula, miemRol, comId, comMiemFechaInicio) values (341065065,'Decano MVZ',1,'2022-02-14');
insert into miembro_comite (perCedula, miemRol, comId, comMiemFechaInicio) values (110706343,'Representante de profesores',1,'2022-02-14');
insert into miembro_comite (perCedula, miemRol, comId, comMiemFechaInicio) values (52937193,'Director Bienestar',1,'2022-02-14');
insert into miembro_comite (perCedula, miemRol, comId, comMiemFechaInicio) values (584770911,'Secretario',1,'2022-02-14');  

-- miembros consejo facultad Ingeniería
insert into miembro_comite (perCedula, miemRol, comId, comMiemFechaInicio) values (933893339,'Decano Ingeniería',2,'2021-02-14');  
insert into miembro_comite (perCedula, miemRol, comId, comMiemFechaInicio) values (641974882,'Vicedecano Ingeniería',2,'2021-02-14');  
insert into miembro_comite (perCedula, miemRol, comId, comMiemFechaInicio) values (784275110,'Estudiante Pregrado',2,'2021-02-14');  
insert into miembro_comite (perCedula, miemRol, comId, comMiemFechaInicio) values (56417558,'Estudiante Posgrado',2,'2021-02-14');  
insert into miembro_comite (perCedula, miemRol, comId, comMiemFechaInicio) values (438139096,'Egresado Ingeniería',2,'2021-02-14');  
insert into miembro_comite (perCedula, miemRol, comId, comMiemFechaInicio) values (110706343,'Profesor Artes',2,'2021-02-14');  
insert into miembro_comite (perCedula, miemRol, comId, comMiemFechaInicio) values (180620498,'Director Programa Curricular',2,'2021-02-14');  
insert into miembro_comite (perCedula, miemRol, comId, comMiemFechaInicio) values (52937193,'Director Bienestar',2,'2021-02-14');  
insert into miembro_comite (perCedula, miemRol, comId, comMiemFechaInicio) values (584770911,'Secretario Ingeniería',2,'2021-02-14'); 

-- miembros consejo CSU
insert into miembro_comite (perCedula, miemRol, comId, comMiemFechaInicio) values (91884100,'Ministro Educación Nacional',3,'2022-02-14'); 
insert into miembro_comite (perCedula, miemRol, comId, comMiemFechaInicio) values (85781079,'Miembro Presidencia',3,'2022-02-14'); 
insert into miembro_comite (perCedula, miemRol, comId, comMiemFechaInicio) values (85781079,'Miembro Presidencia',3,'2022-02-14'); 
insert into miembro_comite (perCedula, miemRol, comId, comMiemFechaInicio) values (358396477,'Exrrector',3,'2022-02-14'); 
insert into miembro_comite (perCedula, miemRol, comId, comMiemFechaInicio) values (790449081,'Profesor elegido',3,'2022-02-14'); 
insert into miembro_comite (perCedula, miemRol, comId, comMiemFechaInicio) values (41437894,'Rector',3,'2022-02-14'); 
insert into miembro_comite (perCedula, miemRol, comId, comMiemFechaInicio) values (909068105,'Estudiante Pregrado',3,'2022-02-14'); 

-- ===================================================================================
--                                        \insert sede
-- ===================================================================================
-- sede (sedId,sedNombre)
insert into sede values (1,"Sede Bogotá");

-- ===================================================================================
--                                        \insert consejo
-- ===================================================================================
-- consejo (conId)
insert into consejo values (1);
insert into consejo values (2);
insert into consejo values (3);
insert into consejo values (4);
insert into consejo values (5);

-- facultadCon (conId,facId,comitId)
insert into facultadCon values (4,2,2);
insert into facultadCon values (5,2,2);

-- sedeCon (conId,sedId,comitId)
insert into sedeCon values (1,1,1);

-- csuCon (consejo_conId,comite_comId)
insert into csuCon values (2,3);

-- ===================================================================================
--                                        \insert solicitud
-- ===================================================================================
-- solicitud (solId,nomId,solMedio,solTipo,solFechaEnvio,solComentarios,solEstado)
insert into solicitud values(1,1,'SIA','Facultad','2023-2-1',null,'Resuelta');
insert into solicitud values(2,27,'SIA','Sede','2023-2-1',null,'Resuelta');
insert into solicitud values(3,2,'Formulario de facultad','Facultad','2023-2-2',null,'Resuelta');
insert into solicitud values(4,3,'SIA','Facultad','2023-2-2',null,'Resuelta');
insert into solicitud values(5,28,'SIA','Sede','2023-2-3',null,'Sin resolver');
insert into solicitud values(6,4,'Formulario de facultad','Facultad','2023-2-3',null,'Resuelta');
insert into solicitud values(7,5,'SIA','Facultad','2023-2-3',null,'Resuelta');
insert into solicitud values(8,29,'SIA','Sede','2023-2-4',null,'Resuelta');
insert into solicitud values(9,6,'Formulario de facultad','Facultad','2023-2-4',null,'Resuelta');
insert into solicitud values(10,7,'SIA','Facultad','2023-2-5',null,'Sin resolver');
insert into solicitud values(11,30,'SIA','Sede','2023-2-6',null,'Resuelta');
insert into solicitud values(12,8,'Formulario de facultad','Facultad','2023-2-6',null,'Resuelta');
insert into solicitud values(13,9,'SIA','Facultad','2023-2-6',null,'Resuelta');
insert into solicitud values(14,31,'SIA','Sede','2023-2-7',null,'Resuelta');
insert into solicitud values(15,10,'Formulario de facultad','Facultad','2023-2-7',null,'Sin resolver');
insert into solicitud values(16,11,'SIA','Facultad','2023-2-8',null,'Resuelta');
insert into solicitud values(17,32,'SIA','Sede','2023-2-8',null,'Resuelta');
insert into solicitud values(18,12,'Formulario de facultad','Facultad','2023-2-9',null,'Resuelta');
insert into solicitud values(19,13,'SIA','Facultad','2023-2-9',null,'Resuelta');
insert into solicitud values(20,33,'SIA','Sede','2023-2-10',null,'Sin resolver');
insert into solicitud values(21,14,'Formulario de facultad','Facultad','2023-2-11',null,'Resuelta');
insert into solicitud values(22,15,'SIA','Facultad','2023-2-12',null,'Resuelta');
insert into solicitud values(23,34,'SIA','Sede','2023-2-12',null,'Resuelta');
insert into solicitud values(24,16,'Formulario de facultad','Facultad','2023-2-12',null,'Resuelta');
insert into solicitud values(25,17,'SIA','Facultad','2023-2-13',null,'Sin resolver');
insert into solicitud values(26,35,'SIA','Sede','2023-2-13',null,'Resuelta');
insert into solicitud values(27,18,'Formulario de facultad','Facultad','2023-2-14',null,'Resuelta');
insert into solicitud values(28,19,'SIA','Facultad','2023-2-15',null,'Resuelta');
insert into solicitud values(29,36,'SIA','Sede','2023-2-16',null,'Resuelta');
insert into solicitud values(30,20,'Formulario de facultad','Facultad','2023-2-18',null,'Sin resolver');
insert into solicitud values(31,1,'SIA','Facultad','2023-2-19',null,'Resuelta');
insert into solicitud values(32,27,'SIA','Sede','2023-2-20',null,'Resuelta');
insert into solicitud values(33,2,'Formulario de facultad','Facultad','2023-2-21',null,'Resuelta');
insert into solicitud values(34,3,'SIA','Facultad','2023-2-21',null,'Resuelta');
insert into solicitud values(35,28,'SIA','Sede','2023-2-21',null,'Sin resolver');
insert into solicitud values(36,4,'Formulario de facultad','Facultad','2023-2-21',null,'Sin resolver');
insert into solicitud values(37,5,'SIA','Facultad','2023-2-22',null,'Resuelta');
insert into solicitud values(38,29,'SIA','Sede','2023-2-23',null,'Resuelta');
insert into solicitud values(39,6,'Formulario de facultad','Facultad','2023-2-23',null,'Resuelta');
insert into solicitud values(40,7,'SIA','Facultad','2023-2-24',null,'Sin resolver');
insert into solicitud values(41,30,'SIA','Sede','2023-2-25',null,'Resuelta');
insert into solicitud values(42,8,'Formulario de facultad','Facultad','2023-2-26',null,'Resuelta');
insert into solicitud values(43,9,'SIA','Facultad','2023-2-27',null,'Resuelta');
insert into solicitud values(44,31,'SIA','Sede','2023-2-28',null,'Resuelta');
insert into solicitud values(45,10,'Formulario de facultad','Facultad','2023-3-1',null,'Sin resolver');
insert into solicitud values(46,11,'SIA','Facultad','2023-3-1',null,'Resuelta');
insert into solicitud values(47,32,'SIA','Sede','2023-3-3',null,'Resuelta');
insert into solicitud values(48,12,'Formulario de facultad','Facultad','2023-3-5',null,'Resuelta');
insert into solicitud values(49,13,'SIA','Facultad','2023-3-5',null,'Resuelta');
insert into solicitud values(50,33,'SIA','Sede','2023-3-6',null,'Sin resolver');
insert into solicitud values(51,14,'Formulario de facultad','Facultad','2023-3-6',null,'Resuelta');
insert into solicitud values(52,15,'SIA','Facultad','2023-3-7',null,'Resuelta');
insert into solicitud values(53,34,'SIA','Sede','2023-3-8',null,'Resuelta');
insert into solicitud values(54,16,'Formulario de facultad','Facultad','2023-3-9',null,'Sin resolver');
insert into solicitud values(55,17,'SIA','Facultad','2023-3-10',null,'Sin resolver');
insert into solicitud values(56,35,'SIA','Sede','2023-3-10',null,'Resuelta');
insert into solicitud values(57,18,'Formulario de facultad','Facultad','2023-3-11',null,'Resuelta');
insert into solicitud values(58,19,'SIA','Facultad','2023-3-12',null,'Sin resolver');
insert into solicitud values(59,20,'Formulario de facultad','Facultad','2023-3-13',null,'Resuelta');
insert into solicitud values(60,21,'SIA','Facultad','2023-3-14',null,'Sin resolver');
insert into solicitud values(61,22,'Formulario de facultad','Facultad','2023-3-15',null,'Resuelta');
insert into solicitud values(62,23,'SIA','Facultad','2023-3-16',null,'Sin resolver');
insert into solicitud values(63,24,'Formulario de facultad','Facultad','2023-3-18',null,'Resuelta');
insert into solicitud values(64,25,'SIA','Facultad','2023-3-18',null,'Sin resolver');
insert into solicitud values(65,26,'SIA','Facultad','2023-3-19',null,'Sin resolver');

-- ===================================================================================
--                                        \insert estudiante_has_solicitud
-- ===================================================================================
-- estudiante_has_solicitud (perCedulaEstudiante,solId) 
-- pregrado
insert into estudiante_has_solicitud values(126955156,1);
insert into estudiante_has_solicitud values(172112547,3);
insert into estudiante_has_solicitud values(186678884,4);
insert into estudiante_has_solicitud values(211429035,6);
insert into estudiante_has_solicitud values(216686401,7);
insert into estudiante_has_solicitud values(413220262,9);
insert into estudiante_has_solicitud values(499098560,10);
insert into estudiante_has_solicitud values(523130863,12);
insert into estudiante_has_solicitud values(541918572,13);
insert into estudiante_has_solicitud values(638952303,15);
insert into estudiante_has_solicitud values(774499582,16);
insert into estudiante_has_solicitud values(784275110,18);
insert into estudiante_has_solicitud values(827389691,19);
insert into estudiante_has_solicitud values(867165460,21);
insert into estudiante_has_solicitud values(909068105,22);
insert into estudiante_has_solicitud values(919584433,24);
insert into estudiante_has_solicitud values(126955156,25);
insert into estudiante_has_solicitud values(172112547,27);
insert into estudiante_has_solicitud values(186678884,28);
insert into estudiante_has_solicitud values(211429035,30);
insert into estudiante_has_solicitud values(216686401,2);
insert into estudiante_has_solicitud values(413220262,5);
insert into estudiante_has_solicitud values(499098560,8);
insert into estudiante_has_solicitud values(523130863,11);
insert into estudiante_has_solicitud values(541918572,14);
insert into estudiante_has_solicitud values(638952303,17);
insert into estudiante_has_solicitud values(774499582,20);
insert into estudiante_has_solicitud values(784275110,23);
insert into estudiante_has_solicitud values(827389691,26);
insert into estudiante_has_solicitud values(867165460,29);

-- posgrado
insert into estudiante_has_solicitud values(56417558,31);
insert into estudiante_has_solicitud values(98021231,33);
insert into estudiante_has_solicitud values(135931789,34);
insert into estudiante_has_solicitud values(230951818,36);
insert into estudiante_has_solicitud values(341582364,37);
insert into estudiante_has_solicitud values(381135508,39);
insert into estudiante_has_solicitud values(569319906,40);
insert into estudiante_has_solicitud values(582701184,42);
insert into estudiante_has_solicitud values(652830979,43);
insert into estudiante_has_solicitud values(703317196,45);
insert into estudiante_has_solicitud values(802182666,46);
insert into estudiante_has_solicitud values(812766896,48);
insert into estudiante_has_solicitud values(817595237,49);
insert into estudiante_has_solicitud values(904769687,51);
insert into estudiante_has_solicitud values(954182797,52);
insert into estudiante_has_solicitud values(967252737,54);
insert into estudiante_has_solicitud values(56417558,55);
insert into estudiante_has_solicitud values(98021231,57);
insert into estudiante_has_solicitud values(135931789,58);
insert into estudiante_has_solicitud values(230951818,59);
insert into estudiante_has_solicitud values(341582364,60);
insert into estudiante_has_solicitud values(381135508,61);
insert into estudiante_has_solicitud values(569319906,62);
insert into estudiante_has_solicitud values(582701184,63);
insert into estudiante_has_solicitud values(652830979,64);
insert into estudiante_has_solicitud values(703317196,65);
insert into estudiante_has_solicitud values(341582364,32);
insert into estudiante_has_solicitud values(381135508,35);
insert into estudiante_has_solicitud values(569319906,38);
insert into estudiante_has_solicitud values(582701184,41);
insert into estudiante_has_solicitud values(652830979,44);
insert into estudiante_has_solicitud values(703317196,47);
insert into estudiante_has_solicitud values(802182666,50);
insert into estudiante_has_solicitud values(812766896,53);
insert into estudiante_has_solicitud values(817595237,56);

-- ===================================================================================
--                                        \insert carreraSolicitud
-- ===================================================================================
-- carreraCon (conId,carSNIES,facId,comitId)
insert into carreraCon values(4,106661,2,4);
insert into carreraCon values(5,106674,2,4);

-- carreraSolicitud (solId,nomId,conIdCarrera,carSNIES,facId,carsolTipo)
insert into carreraSolicitud values(1,1,4,106661,2,'Solicitud de pregrado');
insert into carreraSolicitud values(3,2,4,106661,2,'Solicitud de pregrado');
insert into carreraSolicitud values(4,3,4,106661,2,'Solicitud de pregrado');
insert into carreraSolicitud values(6,4,4,106661,2,'Solicitud de pregrado');
insert into carreraSolicitud values(7,5,4,106661,2,'Solicitud de pregrado');
insert into carreraSolicitud values(9,6,4,106661,2,'Solicitud de pregrado');
insert into carreraSolicitud values(10,7,4,106661,2,'Solicitud de pregrado');
insert into carreraSolicitud values(12,8,4,106661,2,'Solicitud de pregrado');
insert into carreraSolicitud values(13,9,4,106661,2,'Solicitud de pregrado');
insert into carreraSolicitud values(15,10,4,106661,2,'Solicitud de pregrado');
insert into carreraSolicitud values(16,11,4,106661,2,'Solicitud de pregrado');
insert into carreraSolicitud values(18,12,4,106661,2,'Solicitud de pregrado');
insert into carreraSolicitud values(19,13,4,106661,2,'Solicitud de pregrado');
insert into carreraSolicitud values(21,14,4,106661,2,'Solicitud de pregrado');
insert into carreraSolicitud values(22,15,4,106661,2,'Solicitud de pregrado');
insert into carreraSolicitud values(24,16,4,106661,2,'Solicitud de pregrado');
insert into carreraSolicitud values(25,17,4,106661,2,'Solicitud de pregrado');
insert into carreraSolicitud values(27,18,4,106661,2,'Solicitud de pregrado');
insert into carreraSolicitud values(28,19,4,106661,2,'Solicitud de pregrado');
insert into carreraSolicitud values(30,20,4,106661,2,'Solicitud de pregrado');

insert into carreraSolicitud values(31,1,5,106674,2,'Solicitud de posgrado');
insert into carreraSolicitud values(33,2,5,106674,2,'Solicitud de posgrado');
insert into carreraSolicitud values(34,3,5,106674,2,'Solicitud de posgrado');
insert into carreraSolicitud values(36,4,5,106674,2,'Solicitud de posgrado');
insert into carreraSolicitud values(37,5,5,106674,2,'Solicitud de posgrado');
insert into carreraSolicitud values(39,6,5,106674,2,'Solicitud de posgrado');
insert into carreraSolicitud values(40,7,5,106674,2,'Solicitud de posgrado');
insert into carreraSolicitud values(42,8,5,106674,2,'Solicitud de posgrado');
insert into carreraSolicitud values(43,9,5,106674,2,'Solicitud de posgrado');
insert into carreraSolicitud values(45,10,5,106674,2,'Solicitud de posgrado');
insert into carreraSolicitud values(46,11,5,106674,2,'Solicitud de posgrado');
insert into carreraSolicitud values(48,12,5,106674,2,'Solicitud de posgrado');
insert into carreraSolicitud values(49,13,5,106674,2,'Solicitud de posgrado');
insert into carreraSolicitud values(51,14,5,106674,2,'Solicitud de posgrado');
insert into carreraSolicitud values(52,15,5,106674,2,'Solicitud de posgrado');
insert into carreraSolicitud values(54,16,5,106674,2,'Solicitud de posgrado');
insert into carreraSolicitud values(55,17,5,106674,2,'Solicitud de posgrado');
insert into carreraSolicitud values(57,18,5,106674,2,'Solicitud de posgrado');
insert into carreraSolicitud values(58,19,5,106674,2,'Solicitud de posgrado');
insert into carreraSolicitud values(59,20,5,106674,2,'Solicitud de posgrado');
insert into carreraSolicitud values(60,21,5,106674,2,'Solicitud de posgrado');
insert into carreraSolicitud values(61,22,5,106674,2,'Solicitud de posgrado');

insert into carreraSolicitud values(62,23,5,106674,2,'Solicitud por comité de posgrado');
insert into carreraSolicitud values(63,24,5,106674,2,'Solicitud por comité de posgrado');
insert into carreraSolicitud values(64,25,5,106674,2,'Solicitud por comité de posgrado');
insert into carreraSolicitud values(65,26,5,106674,2,'Solicitud por comité de posgrado');

-- ===================================================================================
--                                        \insert facultadSolicitud
-- ===================================================================================
-- facultadSolicitud (solId,nomId,conId)
insert into facultadSolicitud values(18,12,4);
insert into facultadSolicitud values(19,13,4);
insert into facultadSolicitud values(21,14,4);
insert into facultadSolicitud values(22,15,4);
insert into facultadSolicitud values(24,16,4);
insert into facultadSolicitud values(25,17,4);
insert into facultadSolicitud values(27,18,4);
insert into facultadSolicitud values(28,19,4);
insert into facultadSolicitud values(30,20,4);

insert into facultadSolicitud values(31,1,5);
insert into facultadSolicitud values(33,2,5);
insert into facultadSolicitud values(34,3,5);
insert into facultadSolicitud values(36,4,5);
insert into facultadSolicitud values(37,5,5);
insert into facultadSolicitud values(39,6,5);
insert into facultadSolicitud values(40,7,5);
insert into facultadSolicitud values(42,8,5);
insert into facultadSolicitud values(43,9,5);
insert into facultadSolicitud values(45,10,5);

insert into facultadSolicitud values(62,23,5);
insert into facultadSolicitud values(63,24,5);
insert into facultadSolicitud values(64,25,5);
insert into facultadSolicitud values(65,26,5);

-- ===================================================================================
--                                        \insert sedeSolicitud
-- ===================================================================================
-- sedeSolicitud (solId,nomId,conId)
insert into sedeSolicitud values(2,27,1);
insert into sedeSolicitud values(5,28,1);
insert into sedeSolicitud values(8,29,1);
insert into sedeSolicitud values(11,30,1);
insert into sedeSolicitud values(14,31,1);
insert into sedeSolicitud values(17,32,1);
insert into sedeSolicitud values(20,33,1);
insert into sedeSolicitud values(23,34,1);
insert into sedeSolicitud values(26,35,1);
insert into sedeSolicitud values(29,36,1);
insert into sedeSolicitud values(32,27,1);
insert into sedeSolicitud values(35,28,1);
insert into sedeSolicitud values(38,29,1);
insert into sedeSolicitud values(41,30,1);
insert into sedeSolicitud values(44,31,1);
insert into sedeSolicitud values(47,32,1);
insert into sedeSolicitud values(50,33,1);
insert into sedeSolicitud values(53,34,1);
insert into sedeSolicitud values(56,35,1);

-- ===================================================================================
--                                        \insert csuSolicitud
-- ===================================================================================
-- csuSolicitud (solId,nomId,conId)
insert into csuSolicitud values(38,29,2);
insert into csuSolicitud values(41,30,2);
insert into csuSolicitud values(44,31,2);
insert into csuSolicitud values(47,32,2);
insert into csuSolicitud values(50,33,2);
insert into csuSolicitud values(53,34,2);
insert into csuSolicitud values(56,35,2);

-- ===================================================================================
--                              \insert correo_persona
-- ===================================================================================

insert into correo_persona (corCorreo, perCedula, corTipo) values ('example@unal.edu.co', 278723719, 'UNAL');
insert into correo_persona (corCorreo, perCedula, corTipo) values ('example@unal.edu.co', 500063218, 'UNAL');
insert into correo_persona (corCorreo, perCedula, corTipo) values ('example@unal.edu.co', 867165460, 'UNAL');
insert into correo_persona (corCorreo, perCedula, corTipo) values ('example@unal.edu.co', 889118908, 'UNAL');
insert into correo_persona (corCorreo, perCedula, corTipo) values ('example@unal.edu.co', 871230847, 'UNAL');
insert into correo_persona (corCorreo, perCedula, corTipo) values ('example@unal.edu.co', 757872421, 'UNAL');
insert into correo_persona (corCorreo, perCedula, corTipo) values ('example@unal.edu.co', 579642916, 'UNAL');
insert into correo_persona (corCorreo, perCedula, corTipo) values ('example@unal.edu.co', 584770911, 'UNAL');
insert into correo_persona (corCorreo, perCedula, corTipo) values ('example@gmail.com', 453922988, 'Personal');
insert into correo_persona (corCorreo, perCedula, corTipo) values ('example@unal.edu.co', 812766896, 'UNAL');
insert into correo_persona (corCorreo, perCedula, corTipo) values ('example@unal.edu.co', 427989704, 'UNAL');
insert into correo_persona (corCorreo, perCedula, corTipo) values ('example@gmail.com', 427989704, 'Personal');

-- ===================================================================================
--                              \insert telefono_persona
-- ===================================================================================

insert into telefono_persona (telNumero, telTipo, perCedula) values (3333333333, 'Personal', 278723719);
insert into telefono_persona (telNumero, telTipo, perCedula) values (3333333332, 'Trabajo', 278723719);
insert into telefono_persona (telNumero, telTipo, perCedula) values (3333333322, 'Personal', 500063218);
insert into telefono_persona (telNumero, telTipo, perCedula) values (3333323322, 'Personal', 867165460);
insert into telefono_persona (telNumero, telTipo, perCedula) values (3323323322, 'Trabajo', 889118908);
insert into telefono_persona (telNumero, telTipo, perCedula) values (3222222222, 'Personal', 871230847);


-- ===================================================================================
--                              \insert pregradoCar
-- ===================================================================================

insert into pregradoCar values ('Ingeniería de sistemas e industrial',106661);
insert into pregradoCar values ('Ingeniería Civil y Agrícola',25);
insert into pregradoCar values ('Ingeniería Eléctrica y Electrónica',27);

-- ===================================================================================
--                              \insert posgradoCar
-- ===================================================================================
insert into posgradoCar values ('Investigación - Profundización',106674, 'Maestría');  

-- ===================================================================================
--                              \insert estudio
-- ===================================================================================
insert into estudio values (37,453922988);
insert into estudio values (6,399721071);
insert into estudio values (3103,341065065);
insert into estudio values (16940,41437894);
insert into estudio values (16938,500063218);
insert into estudio values (16895,358396477);
insert into estudio values (11,618952664);
insert into estudio values (16938,765697074);
insert into estudio values (27,48362901);
insert into estudio values (36,52937193);
insert into estudio values (7,567150815);
insert into estudio values (29,105697848);
insert into estudio values (17,95032662);
insert into estudio values (24,158819284);
insert into estudio values (2497,584770911);
insert into estudio values (19,641974882);
insert into estudio values (15,226524942);
insert into estudio values (34,63834646);
insert into estudio values (7,79411810);
insert into estudio values (6,107287532);
insert into estudio values (2497,579642916);
insert into estudio values (29,438139096);
insert into estudio values (37,305638259);
insert into estudio values (8,180620498);
insert into estudio values (14,110706343);
insert into estudio values (16940,620070559);
insert into estudio values (35,171862834);
insert into estudio values (20,212052110);
insert into estudio values (32,56477713);


-- ===================================================================================
--                              \insert estudiaPregrado
-- ===================================================================================

insert into estudiaPregrado values (211429035, 106661);
insert into estudiaPregrado values (827389691, 27);
insert into estudiaPregrado values (638952303, 106661);
insert into estudiaPregrado values (909068105, 106661);
insert into estudiaPregrado values (172112547, 106661);
insert into estudiaPregrado values (919584433, 27);
insert into estudiaPregrado values (784275110, 106661);
insert into estudiaPregrado values (499098560, 27);
insert into estudiaPregrado values (774499582, 106661);
insert into estudiaPregrado values (523130863, 106661);
insert into estudiaPregrado values (413220262, 106661);
insert into estudiaPregrado values (186678884, 27);
insert into estudiaPregrado values (216686401, 106661);
insert into estudiaPregrado values (126955156, 27);
insert into estudiaPregrado values (541918572, 27);
insert into estudiaPregrado values (867165460, 106661);


-- ===================================================================================
--                              \insert estudiaPosgrado
-- ===================================================================================
insert into estudiaPosgrado values (812766896, 106674);
insert into estudiaPosgrado values (652830979, 106674);
insert into estudiaPosgrado values (703317196, 106674);
insert into estudiaPosgrado values (98021231, 106674);
insert into estudiaPosgrado values (341582364, 106674);
insert into estudiaPosgrado values (569319906, 106674);
insert into estudiaPosgrado values (135931789, 106674);
insert into estudiaPosgrado values (802182666, 106674);
insert into estudiaPosgrado values (230951818, 106674);
insert into estudiaPosgrado values (967252737, 106674);
insert into estudiaPosgrado values (582701184, 106674);
insert into estudiaPosgrado values (56417558, 106674);
insert into estudiaPosgrado values (904769687, 106674);
insert into estudiaPosgrado values (381135508, 106674);
insert into estudiaPosgrado values (817595237, 106674);
insert into estudiaPosgrado values (954182797, 106674);

insert into rector values ('2020-03-13', 41437894, null);
  